0.000000,0.555845,-0.242609,-0.028516,-0.000029,0.000000,0.000002
0.010000,0.555845,-0.242613,-0.028516,-0.000029,0.000000,0.000002
0.020000,0.555845,-0.242616,-0.028516,-0.000029,0.000000,0.000002
0.030000,0.555845,-0.242620,-0.028516,-0.000029,0.000000,0.000002
0.040000,0.555844,-0.242624,-0.028516,-0.000029,0.000000,0.000002
0.050000,0.555844,-0.242627,-0.028517,-0.000029,0.000000,0.000002
0.060000,0.555844,-0.242631,-0.028517,-0.000029,0.000000,0.000002
0.070000,0.555844,-0.242634,-0.028517,-0.000029,0.000000,0.000002
0.080000,0.555843,-0.242638,-0.028518,-0.000029,0.000000,0.000002
0.090000,0.555843,-0.242642,-0.028518,-0.000029,0.000000,0.000002
0.100000,0.555842,-0.242645,-0.028519,-0.000029,0.000000,0.000002
0.110000,0.555842,-0.242649,-0.028519,-0.000029,0.000000,0.000002
0.120000,0.555842,-0.242652,-0.028519,-0.000029,0.000000,0.000002
0.130000,0.555841,-0.242656,-0.028520,-0.000029,0.000000,0.000002
0.140000,0.555841,-0.242659,-0.028520,-0.000029,0.000000,0.000002
0.150000,0.555841,-0.242663,-0.028520,-0.000029,-0.000000,0.000002
0.160000,0.555841,-0.242667,-0.028520,-0.000029,-0.000000,0.000002
0.170000,0.555841,-0.242670,-0.028520,-0.000029,-0.000000,0.000002
0.180000,0.555840,-0.242674,-0.028520,-0.000029,-0.000000,0.000002
0.190000,0.555840,-0.242677,-0.028520,-0.000029,-0.000000,0.000002
0.200000,0.555840,-0.242681,-0.028520,-0.000029,-0.000000,0.000002
0.210000,0.555840,-0.242684,-0.028520,-0.000029,-0.000000,0.000002
0.220000,0.555840,-0.242688,-0.028520,-0.000029,-0.000000,0.000002
0.230000,0.555840,-0.242692,-0.028521,-0.000029,-0.000000,0.000002
0.240000,0.555840,-0.242695,-0.028521,-0.000029,-0.000000,0.000002
0.250000,0.555840,-0.242699,-0.028521,-0.000029,-0.000000,0.000002
0.260000,0.555840,-0.242702,-0.028522,-0.000029,-0.000000,0.000002
0.270000,0.555840,-0.242706,-0.028522,-0.000029,-0.000000,0.000002
0.280000,0.555840,-0.242709,-0.028523,-0.000029,-0.000000,0.000002
0.290000,0.555839,-0.242713,-0.028523,-0.000029,-0.000000,0.000002
0.300000,0.555839,-0.242716,-0.028523,-0.000029,-0.000000,0.000002
0.310000,0.555839,-0.242720,-0.028523,-0.000029,-0.000000,0.000002
0.320000,0.555839,-0.242723,-0.028524,-0.000029,-0.000000,0.000002
0.330000,0.555839,-0.242727,-0.028524,-0.000029,-0.000000,0.000002
0.340000,0.555838,-0.242731,-0.028524,-0.000029,0.000000,0.000002
0.350000,0.555838,-0.242734,-0.028524,-0.000029,0.000000,0.000002
0.360000,0.555838,-0.242738,-0.028524,-0.000029,0.000000,0.000002
0.370000,0.555837,-0.242741,-0.028523,-0.000029,0.000000,0.000002
0.380000,0.555836,-0.242745,-0.028523,-0.000029,0.000000,0.000002
0.390000,0.555835,-0.242748,-0.028523,-0.000029,0.000000,0.000002
0.400000,0.555833,-0.242752,-0.028522,-0.000029,0.000000,0.000002
0.410000,0.555829,-0.242755,-0.028530,-0.000029,0.000015,0.000002
0.420000,0.555822,-0.242759,-0.028530,-0.000029,0.000049,0.000002
0.430000,0.555813,-0.242762,-0.028528,-0.000029,0.000084,0.000002
0.440000,0.555800,-0.242766,-0.028517,-0.000030,0.000112,0.000002
0.450000,0.555786,-0.242770,-0.028500,-0.000033,0.000129,0.000002
0.460000,0.555771,-0.242774,-0.028481,-0.000035,0.000135,0.000002
0.470000,0.555756,-0.242779,-0.028463,-0.000037,0.000130,0.000002
0.480000,0.555741,-0.242783,-0.028449,-0.000039,0.000115,0.000002
0.490000,0.555729,-0.242788,-0.028441,-0.000040,0.000092,0.000002
0.500000,0.555718,-0.242793,-0.028439,-0.000040,0.000063,0.000002
0.510000,0.555710,-0.242798,-0.028444,-0.000039,0.000030,0.000002
0.520000,0.555706,-0.242802,-0.028444,-0.000038,0.000000,0.000002
0.530000,0.555703,-0.242807,-0.028457,-0.000035,-0.000000,0.000002
0.540000,0.555700,-0.242811,-0.028479,-0.000033,-0.000000,0.000002
0.550000,0.555698,-0.242814,-0.028493,-0.000031,-0.000000,0.000002
0.560000,0.555697,-0.242818,-0.028502,-0.000030,-0.000000,0.000002
0.570000,0.555696,-0.242822,-0.028508,-0.000029,-0.000000,0.000002
0.580000,0.555695,-0.242825,-0.028512,-0.000029,-0.000000,0.000002
0.590000,0.555694,-0.242829,-0.028515,-0.000029,-0.000000,0.000002
0.600000,0.555693,-0.242832,-0.028516,-0.000029,-0.000000,0.000002
0.610000,0.555692,-0.242836,-0.028517,-0.000028,-0.000000,0.000002
0.620000,0.555692,-0.242839,-0.028518,-0.000028,-0.000000,0.000002
0.630000,0.555691,-0.242843,-0.028519,-0.000028,-0.000000,0.000002
0.640000,0.555691,-0.242846,-0.028519,-0.000028,-0.000000,0.000002
0.650000,0.555690,-0.242850,-0.028519,-0.000028,-0.000000,0.000002
0.660000,0.555689,-0.242853,-0.028520,-0.000028,-0.000000,0.000002
0.670000,0.555689,-0.242857,-0.028520,-0.000029,-0.000000,0.000002
0.680000,0.555688,-0.242860,-0.028520,-0.000029,-0.000000,0.000002
0.690000,0.555687,-0.242864,-0.028520,-0.000029,-0.000000,0.000002
0.700000,0.555685,-0.242868,-0.028519,-0.000029,-0.000000,0.000002
0.710000,0.555683,-0.242871,-0.028519,-0.000029,-0.000000,0.000002
0.720000,0.555678,-0.242875,-0.028525,-0.000029,0.000029,0.000002
0.730000,0.555669,-0.242878,-0.028525,-0.000028,0.000078,0.000002
0.740000,0.555656,-0.242882,-0.028518,-0.000029,0.000132,0.000002
0.750000,0.555638,-0.242885,-0.028500,-0.000031,0.000184,0.000002
0.760000,0.555616,-0.242889,-0.028473,-0.000035,0.000230,0.000002
0.770000,0.555590,-0.242894,-0.028439,-0.000039,0.000268,0.000002
0.780000,0.555561,-0.242899,-0.028404,-0.000043,0.000297,0.000002
0.790000,0.555530,-0.242905,-0.028370,-0.000047,0.000316,0.000003
0.800000,0.555497,-0.242911,-0.028339,-0.000050,0.000325,0.000003
0.810000,0.555463,-0.242917,-0.028312,-0.000053,0.000326,0.000003
0.820000,0.555429,-0.242924,-0.028292,-0.000055,0.000317,0.000003
0.830000,0.555397,-0.242930,-0.028278,-0.000056,0.000301,0.000003
0.840000,0.555366,-0.242937,-0.028271,-0.000057,0.000277,0.000003
0.850000,0.555337,-0.242944,-0.028271,-0.000056,0.000247,0.000003
0.860000,0.555311,-0.242951,-0.028277,-0.000055,0.000213,0.000003
0.870000,0.555288,-0.242957,-0.028289,-0.000054,0.000175,0.000003
0.880000,0.555269,-0.242964,-0.028306,-0.000052,0.000134,0.000003
0.890000,0.555254,-0.242970,-0.028328,-0.000049,0.000092,0.000003
0.900000,0.555242,-0.242976,-0.028353,-0.000046,0.000050,0.000003
0.910000,0.555235,-0.242981,-0.028382,-0.000042,0.000009,0.000002
0.920000,0.555232,-0.242986,-0.028394,-0.000038,-0.000000,0.000002
0.930000,0.555228,-0.242990,-0.028429,-0.000035,-0.000000,0.000002
0.940000,0.555225,-0.242994,-0.028454,-0.000032,-0.000000,0.000002
0.950000,0.555223,-0.242998,-0.028469,-0.000030,-0.000000,0.000002
0.960000,0.555221,-0.243001,-0.028479,-0.000029,-0.000000,0.000002
0.970000,0.555220,-0.243005,-0.028486,-0.000029,-0.000000,0.000002
0.980000,0.555219,-0.243009,-0.028490,-0.000029,-0.000000,0.000002
0.990000,0.555218,-0.243012,-0.028492,-0.000028,-0.000000,0.000002
1.000000,0.555217,-0.243016,-0.028494,-0.000028,-0.000000,0.000002
1.010000,0.555217,-0.243019,-0.028494,-0.000028,-0.000000,0.000002
1.020000,0.555216,-0.243023,-0.028495,-0.000028,-0.000000,0.000002
1.030000,0.555215,-0.243026,-0.028495,-0.000028,-0.000000,0.000002
1.040000,0.555214,-0.243030,-0.028495,-0.000028,-0.000000,0.000002
1.050000,0.555213,-0.243033,-0.028495,-0.000029,-0.000000,0.000002
1.060000,0.555212,-0.243037,-0.028495,-0.000029,-0.000000,0.000002
1.070000,0.555210,-0.243040,-0.028495,-0.000029,-0.000000,0.000002
1.080000,0.555207,-0.243044,-0.028500,-0.000029,-0.000000,0.000002
1.090000,0.555202,-0.243047,-0.028501,-0.000029,0.000029,0.000002
1.100000,0.555194,-0.243051,-0.028501,-0.000029,0.000073,0.000002
1.110000,0.555182,-0.243054,-0.028494,-0.000029,0.000121,0.000002
1.120000,0.555165,-0.243058,-0.028477,-0.000032,0.000169,0.000002
1.130000,0.555144,-0.243062,-0.028452,-0.000035,0.000211,0.000002
1.140000,0.555120,-0.243067,-0.028422,-0.000038,0.000248,0.000002
1.150000,0.555093,-0.243072,-0.028389,-0.000042,0.000277,0.000002
1.160000,0.555063,-0.243077,-0.028357,-0.000045,0.000298,0.000003
1.170000,0.555032,-0.243083,-0.028327,-0.000049,0.000311,0.000003
1.180000,0.554999,-0.243089,-0.028301,-0.000051,0.000317,0.000003
1.190000,0.554966,-0.243095,-0.028280,-0.000054,0.000314,0.000003
1.200000,0.554933,-0.243102,-0.028265,-0.000055,0.000304,0.000003
1.210000,0.554902,-0.243109,-0.028255,-0.000056,0.000288,0.000003
1.220000,0.554872,-0.243116,-0.028251,-0.000056,0.000265,0.000003
1.230000,0.554844,-0.243122,-0.028252,-0.000056,0.000238,0.000003
1.240000,0.554818,-0.243129,-0.028259,-0.000055,0.000206,0.000003
1.250000,0.554796,-0.243136,-0.028271,-0.000053,0.000171,0.000003
1.260000,0.554777,-0.243142,-0.028287,-0.000051,0.000134,0.000003
1.270000,0.554762,-0.243148,-0.028308,-0.000048,0.000096,0.000003
1.280000,0.554750,-0.243154,-0.028331,-0.000045,0.000059,0.000003
1.290000,0.554742,-0.243159,-0.028357,-0.000042,0.000022,0.000002
1.300000,0.554737,-0.243164,-0.028365,-0.000039,-0.000000,0.000002
1.310000,0.554734,-0.243168,-0.028397,-0.000036,-0.000000,0.000002
1.320000,0.554731,-0.243172,-0.028424,-0.000033,-0.000000,0.000002
1.330000,0.554728,-0.243176,-0.028441,-0.000031,-0.000000,0.000002
1.340000,0.554726,-0.243180,-0.028452,-0.000030,-0.000000,0.000002
1.350000,0.554725,-0.243183,-0.028459,-0.000029,-0.000000,0.000002
1.360000,0.554724,-0.243187,-0.028463,-0.000029,-0.000000,0.000002
1.370000,0.554722,-0.243191,-0.028465,-0.000029,-0.000000,0.000002
1.380000,0.554721,-0.243194,-0.028467,-0.000029,-0.000000,0.000002
1.390000,0.554720,-0.243198,-0.028468,-0.000029,-0.000000,0.000002
1.400000,0.554719,-0.243201,-0.028468,-0.000029,-0.000000,0.000002
1.410000,0.554718,-0.243205,-0.028469,-0.000029,-0.000000,0.000002
1.420000,0.554717,-0.243208,-0.028469,-0.000029,-0.000000,0.000002
1.430000,0.554716,-0.243212,-0.028469,-0.000029,-0.000000,0.000002
1.440000,0.554714,-0.243215,-0.028468,-0.000029,-0.000000,0.000002
1.450000,0.554711,-0.243219,-0.028468,-0.000029,-0.000000,0.000002
1.460000,0.554707,-0.243222,-0.028476,-0.000029,0.000019,0.000002
1.470000,0.554700,-0.243226,-0.028475,-0.000029,0.000054,0.000002
1.480000,0.554690,-0.243230,-0.028471,-0.000029,0.000096,0.000002
1.490000,0.554676,-0.243233,-0.028458,-0.000031,0.000139,0.000002
1.500000,0.554658,-0.243237,-0.028437,-0.000033,0.000179,0.000002
1.510000,0.554636,-0.243242,-0.028411,-0.000036,0.000215,0.000002
1.520000,0.554612,-0.243246,-0.028383,-0.000040,0.000245,0.000002
1.530000,0.554585,-0.243252,-0.028353,-0.000043,0.000269,0.000002
1.540000,0.554556,-0.243257,-0.028325,-0.000046,0.000286,0.000003
1.550000,0.554526,-0.243263,-0.028299,-0.000049,0.000296,0.000003
1.560000,0.554495,-0.243269,-0.028277,-0.000051,0.000299,0.000003
1.570000,0.554463,-0.243276,-0.028260,-0.000053,0.000296,0.000003
1.580000,0.554432,-0.243282,-0.028247,-0.000054,0.000286,0.000003
1.590000,0.554402,-0.243289,-0.028239,-0.000055,0.000271,0.000003
1.600000,0.554374,-0.243296,-0.028236,-0.000055,0.000251,0.000003
1.610000,0.554347,-0.243302,-0.028238,-0.000054,0.000226,0.000003
1.620000,0.554323,-0.243309,-0.028245,-0.000053,0.000198,0.000003
1.630000,0.554301,-0.243315,-0.028256,-0.000052,0.000166,0.000003
1.640000,0.554283,-0.243321,-0.028271,-0.000050,0.000134,0.000003
1.650000,0.554267,-0.243327,-0.028289,-0.000048,0.000100,0.000003
1.660000,0.554255,-0.243333,-0.028310,-0.000045,0.000066,0.000003
1.670000,0.554246,-0.243338,-0.028332,-0.000042,0.000034,0.000002
1.680000,0.554239,-0.243343,-0.028357,-0.000040,0.000003,0.000002
1.690000,0.554236,-0.243347,-0.028366,-0.000036,-0.000000,0.000002
1.700000,0.554233,-0.243352,-0.028393,-0.000033,-0.000000,0.000002
1.710000,0.554230,-0.243356,-0.028411,-0.000032,-0.000000,0.000002
1.720000,0.554228,-0.243359,-0.028423,-0.000030,-0.000000,0.000002
1.730000,0.554226,-0.243363,-0.028431,-0.000030,-0.000000,0.000002
1.740000,0.554225,-0.243367,-0.028435,-0.000029,-0.000000,0.000002
1.750000,0.554223,-0.243370,-0.028438,-0.000029,-0.000000,0.000002
1.760000,0.554222,-0.243374,-0.028440,-0.000029,-0.000000,0.000002
1.770000,0.554221,-0.243377,-0.028441,-0.000029,-0.000000,0.000002
1.780000,0.554220,-0.243381,-0.028441,-0.000029,-0.000000,0.000002
1.790000,0.554218,-0.243385,-0.028442,-0.000029,-0.000000,0.000002
1.800000,0.554217,-0.243388,-0.028442,-0.000029,-0.000000,0.000002
1.810000,0.554215,-0.243392,-0.028441,-0.000029,-0.000000,0.000002
1.820000,0.554212,-0.243395,-0.028441,-0.000029,-0.000000,0.000002
1.830000,0.554208,-0.243399,-0.028450,-0.000029,0.000012,0.000002
1.840000,0.554202,-0.243402,-0.028449,-0.000029,0.000041,0.000002
1.850000,0.554194,-0.243406,-0.028446,-0.000030,0.000076,0.000002
1.860000,0.554181,-0.243410,-0.028436,-0.000031,0.000114,0.000002
1.870000,0.554166,-0.243414,-0.028419,-0.000033,0.000151,0.000002
1.880000,0.554147,-0.243418,-0.028397,-0.000035,0.000184,0.000002
1.890000,0.554126,-0.243423,-0.028372,-0.000038,0.000214,0.000002
1.900000,0.554102,-0.243427,-0.028346,-0.000041,0.000239,0.000002
1.910000,0.554076,-0.243433,-0.028320,-0.000044,0.000258,0.000002
1.920000,0.554048,-0.243438,-0.028295,-0.000047,0.000272,0.000003
1.930000,0.554019,-0.243444,-0.028274,-0.000049,0.000280,0.000003
1.940000,0.553989,-0.243450,-0.028255,-0.000051,0.000282,0.000003
1.950000,0.553959,-0.243457,-0.028240,-0.000052,0.000278,0.000003
1.960000,0.553930,-0.243463,-0.028230,-0.000053,0.000269,0.000003
1.970000,0.553901,-0.243470,-0.028223,-0.000054,0.000256,0.000003
1.980000,0.553874,-0.243476,-0.028221,-0.000054,0.000237,0.000003
1.990000,0.553848,-0.243483,-0.028223,-0.000053,0.000215,0.000003
2.000000,0.553825,-0.243489,-0.028230,-0.000052,0.000190,0.000003
2.010000,0.553804,-0.243495,-0.028239,-0.000051,0.000163,0.000003
2.020000,0.553786,-0.243502,-0.028253,-0.000049,0.000133,0.000003
2.030000,0.553770,-0.243507,-0.028269,-0.000047,0.000104,0.000003
2.040000,0.553758,-0.243513,-0.028287,-0.000045,0.000074,0.000003
2.050000,0.553748,-0.243518,-0.028307,-0.000043,0.000045,0.000002
2.060000,0.553740,-0.243523,-0.028329,-0.000040,0.000018,0.000002
2.070000,0.553736,-0.243528,-0.028337,-0.000037,-0.000000,0.000002
2.080000,0.553733,-0.243532,-0.028358,-0.000035,-0.000000,0.000002
2.090000,0.553730,-0.243536,-0.028379,-0.000032,-0.000000,0.000002
2.100000,0.553727,-0.243540,-0.028393,-0.000031,-0.000000,0.000002
2.110000,0.553725,-0.243544,-0.028401,-0.000030,-0.000000,0.000002
2.120000,0.553723,-0.243548,-0.028406,-0.000030,-0.000000,0.000002
2.130000,0.553721,-0.243551,-0.028410,-0.000030,-0.000000,0.000002
2.140000,0.553720,-0.243555,-0.028412,-0.000029,-0.000000,0.000002
2.150000,0.553718,-0.243558,-0.028413,-0.000029,-0.000000,0.000002
2.160000,0.553716,-0.243562,-0.028413,-0.000029,-0.000000,0.000002
2.170000,0.553715,-0.243566,-0.028414,-0.000030,-0.000000,0.000002
2.180000,0.553713,-0.243569,-0.028414,-0.000030,-0.000000,0.000002
2.190000,0.553710,-0.243573,-0.028413,-0.000030,-0.000000,0.000002
2.200000,0.553706,-0.243577,-0.028423,-0.000030,0.000009,0.000002
2.210000,0.553701,-0.243580,-0.028422,-0.000030,0.000032,0.000002
2.220000,0.553693,-0.243584,-0.028420,-0.000030,0.000061,0.000002
2.230000,0.553683,-0.243587,-0.028408,-0.000031,0.000096,0.000002
2.240000,0.553671,-0.243591,-0.028391,-0.000033,0.000130,0.000002
2.250000,0.553654,-0.243596,-0.028375,-0.000035,0.000159,0.000002
2.260000,0.553635,-0.243600,-0.028354,-0.000038,0.000186,0.000002
2.270000,0.553613,-0.243605,-0.028332,-0.000040,0.000210,0.000002
2.280000,0.553590,-0.243610,-0.028309,-0.000043,0.000230,0.000002
2.290000,0.553565,-0.243615,-0.028281,-0.000046,0.000249,0.000003
2.300000,0.553538,-0.243621,-0.028263,-0.000048,0.000259,0.000003
2.310000,0.553510,-0.243627,-0.028245,-0.000049,0.000264,0.000003
2.320000,0.553482,-0.243633,-0.028231,-0.000051,0.000265,0.000003
2.330000,0.553453,-0.243639,-0.028219,-0.000052,0.000262,0.000003
2.340000,0.553425,-0.243646,-0.028211,-0.000053,0.000253,0.000003
2.350000,0.553398,-0.243652,-0.028206,-0.000053,0.000241,0.000003
2.360000,0.553372,-0.243659,-0.028205,-0.000053,0.000225,0.000003
2.370000,0.553348,-0.243665,-0.028207,-0.000052,0.000206,0.000003
2.380000,0.553325,-0.243671,-0.028213,-0.000051,0.000183,0.000003
2.390000,0.553305,-0.243677,-0.028222,-0.000050,0.000159,0.000003
2.400000,0.553287,-0.243683,-0.028234,-0.000049,0.000133,0.000003
2.410000,0.553271,-0.243689,-0.028248,-0.000047,0.000107,0.000003
2.420000,0.553258,-0.243695,-0.028264,-0.000045,0.000081,0.000003
2.430000,0.553247,-0.243700,-0.028282,-0.000043,0.000055,0.000002
2.440000,0.553239,-0.243705,-0.028301,-0.000041,0.000031,0.000002
2.450000,0.553233,-0.243710,-0.028320,-0.000038,0.000009,0.000002
2.460000,0.553229,-0.243714,-0.028323,-0.000036,-0.000000,0.000002
2.470000,0.553226,-0.243719,-0.028344,-0.000034,-0.000000,0.000002
2.480000,0.553223,-0.243723,-0.028360,-0.000032,-0.000000,0.000002
2.490000,0.553220,-0.243726,-0.028370,-0.000031,-0.000000,0.000002
2.500000,0.553218,-0.243730,-0.028377,-0.000030,-0.000000,0.000002
2.510000,0.553216,-0.243734,-0.028380,-0.000030,-0.000000,0.000002
2.520000,0.553214,-0.243738,-0.028383,-0.000030,-0.000000,0.000002
2.530000,0.553212,-0.243741,-0.028384,-0.000030,-0.000000,0.000002
2.540000,0.553210,-0.243745,-0.028385,-0.000030,-0.000000,0.000002
2.550000,0.553208,-0.243749,-0.028385,-0.000030,-0.000000,0.000002
2.560000,0.553205,-0.243752,-0.028385,-0.000030,-0.000000,0.000002
2.570000,0.553201,-0.243756,-0.028395,-0.000030,0.000008,0.000002
2.580000,0.553196,-0.243760,-0.028395,-0.000030,0.000026,0.000002
2.590000,0.553189,-0.243763,-0.028393,-0.000030,0.000050,0.000002
2.600000,0.553180,-0.243767,-0.028386,-0.000031,0.000077,0.000002
2.610000,0.553168,-0.243771,-0.028375,-0.000032,0.000105,0.000002
2.620000,0.553154,-0.243775,-0.028360,-0.000034,0.000132,0.000002
2.630000,0.553138,-0.243779,-0.028342,-0.000036,0.000158,0.000002
2.640000,0.553119,-0.243784,-0.028322,-0.000038,0.000181,0.000002
2.650000,0.553098,-0.243789,-0.028301,-0.000041,0.000202,0.000002
2.660000,0.553075,-0.243794,-0.028281,-0.000043,0.000219,0.000002
2.670000,0.553051,-0.243800,-0.028261,-0.000045,0.000232,0.000003
2.680000,0.553025,-0.243805,-0.028243,-0.000047,0.000242,0.000003
2.690000,0.552999,-0.243811,-0.028228,-0.000049,0.000247,0.000003
2.700000,0.552972,-0.243817,-0.028214,-0.000050,0.000248,0.000003
2.710000,0.552946,-0.243823,-0.028204,-0.000051,0.000245,0.000003
2.720000,0.552919,-0.243830,-0.028196,-0.000052,0.000238,0.000003
2.730000,0.552893,-0.243836,-0.028191,-0.000052,0.000227,0.000003
2.740000,0.552869,-0.243842,-0.028190,-0.000052,0.000213,0.000003
2.750000,0.552845,-0.243848,-0.028192,-0.000051,0.000197,0.000003
2.760000,0.552824,-0.243855,-0.028197,-0.000051,0.000177,0.000003
2.770000,0.552804,-0.243860,-0.028198,-0.000050,0.000159,0.000003
2.780000,0.552786,-0.243866,-0.028210,-0.000049,0.000135,0.000003
2.790000,0.552771,-0.243872,-0.028224,-0.000047,0.000114,0.000003
2.800000,0.552757,-0.243878,-0.028238,-0.000045,0.000089,0.000003
2.810000,0.552745,-0.243883,-0.028253,-0.000043,0.000066,0.000002
2.820000,0.552738,-0.243888,-0.028260,-0.000043,0.000050,0.000002
2.830000,0.552730,-0.243893,-0.028276,-0.000041,0.000030,0.000002
2.840000,0.552724,-0.243897,-0.028295,-0.000039,0.000011,0.000002
2.850000,0.552720,-0.243902,-0.028302,-0.000036,-0.000000,0.000002
2.860000,0.552717,-0.243906,-0.028317,-0.000034,-0.000000,0.000002
2.870000,0.552714,-0.243910,-0.028332,-0.000033,-0.000000,0.000002
2.880000,0.552711,-0.243914,-0.028342,-0.000032,-0.000000,0.000002
2.890000,0.552708,-0.243918,-0.028348,-0.000031,-0.000000,0.000002
2.900000,0.552706,-0.243922,-0.028352,-0.000031,-0.000000,0.000002
2.910000,0.552703,-0.243925,-0.028354,-0.000031,-0.000000,0.000002
2.920000,0.552701,-0.243929,-0.028355,-0.000030,-0.000000,0.000002
2.930000,0.552697,-0.243933,-0.028364,-0.000030,-0.000000,0.000002
2.940000,0.552693,-0.243937,-0.028367,-0.000030,0.000008,0.000002
2.950000,0.552689,-0.243940,-0.028367,-0.000030,0.000024,0.000002
2.960000,0.552682,-0.243944,-0.028365,-0.000031,0.000043,0.000002
2.970000,0.552674,-0.243948,-0.028359,-0.000031,0.000066,0.000002
2.980000,0.552664,-0.243952,-0.028349,-0.000033,0.000089,0.000002
2.990000,0.552651,-0.243956,-0.028337,-0.000034,0.000112,0.000002
3.000000,0.552637,-0.243960,-0.028322,-0.000036,0.000135,0.000002
3.010000,0.552620,-0.243965,-0.028305,-0.000038,0.000156,0.000002
3.020000,0.552602,-0.243970,-0.028287,-0.000040,0.000175,0.000002
3.030000,0.552581,-0.243975,-0.028269,-0.000042,0.000193,0.000002
3.040000,0.552559,-0.243980,-0.028252,-0.000043,0.000207,0.000002
3.050000,0.552536,-0.243985,-0.028235,-0.000045,0.000219,0.000003
3.060000,0.552512,-0.243991,-0.028220,-0.000047,0.000227,0.000003
3.070000,0.552487,-0.243997,-0.028206,-0.000048,0.000231,0.000003
3.080000,0.552462,-0.244003,-0.028195,-0.000049,0.000232,0.000003
3.090000,0.552436,-0.244009,-0.028185,-0.000050,0.000230,0.000003
3.100000,0.552411,-0.244015,-0.028179,-0.000051,0.000224,0.000003
3.110000,0.552387,-0.244021,-0.028175,-0.000051,0.000215,0.000003
3.120000,0.552363,-0.244027,-0.028173,-0.000051,0.000203,0.000003
3.130000,0.552341,-0.244034,-0.028175,-0.000051,0.000188,0.000003
3.140000,0.552320,-0.244040,-0.028179,-0.000050,0.000172,0.000003
3.150000,0.552300,-0.244046,-0.028185,-0.000049,0.000153,0.000003
3.160000,0.552283,-0.244051,-0.028193,-0.000048,0.000134,0.000003
3.170000,0.552267,-0.244057,-0.028204,-0.000047,0.000113,0.000003
3.180000,0.552253,-0.244063,-0.028216,-0.000045,0.000093,0.000003
3.190000,0.552241,-0.244068,-0.028229,-0.000043,0.000073,0.000002
3.200000,0.552231,-0.244073,-0.028243,-0.000042,0.000055,0.000002
3.210000,0.552222,-0.244078,-0.028258,-0.000040,0.000037,0.000002
3.220000,0.552216,-0.244083,-0.028273,-0.000038,0.000022,0.000002
3.230000,0.552210,-0.244087,-0.028287,-0.000037,0.000009,0.000002
3.240000,0.552206,-0.244092,-0.028297,-0.000035,-0.000000,0.000002
3.250000,0.552203,-0.244096,-0.028299,-0.000034,-0.000000,0.000002
3.260000,0.552200,-0.244100,-0.028310,-0.000032,-0.000000,0.000002
3.270000,0.552197,-0.244104,-0.028317,-0.000032,-0.000000,0.000002
3.280000,0.552194,-0.244108,-0.028322,-0.000031,-0.000000,0.000002
3.290000,0.552190,-0.244111,-0.028330,-0.000031,-0.000000,0.000002
3.300000,0.552187,-0.244115,-0.028338,-0.000031,0.000002,0.000002
3.310000,0.552183,-0.244119,-0.028338,-0.000031,0.000011,0.000002
3.320000,0.552178,-0.244123,-0.028338,-0.000031,0.000023,0.000002
3.330000,0.552172,-0.244127,-0.028335,-0.000031,0.000039,0.000002
3.340000,0.552164,-0.244131,-0.028330,-0.000032,0.000056,0.000002
3.350000,0.552155,-0.244135,-0.028322,-0.000033,0.000075,0.000002
3.360000,0.552144,-0.244139,-0.028312,-0.000034,0.000094,0.000002
3.370000,0.552131,-0.244143,-0.028299,-0.000035,0.000114,0.000002
3.380000,0.552117,-0.244147,-0.028286,-0.000037,0.000133,0.000002
3.390000,0.552100,-0.244152,-0.028271,-0.000039,0.000151,0.000002
3.400000,0.552082,-0.244157,-0.028256,-0.000040,0.000167,0.000002
3.410000,0.552063,-0.244162,-0.028240,-0.000042,0.000182,0.000002
3.420000,0.552042,-0.244167,-0.028225,-0.000044,0.000195,0.000002
3.430000,0.552020,-0.244173,-0.028211,-0.000045,0.000205,0.000003
3.440000,0.551997,-0.244178,-0.028197,-0.000046,0.000212,0.000003
3.450000,0.551973,-0.244184,-0.028186,-0.000048,0.000216,0.000003
3.460000,0.551949,-0.244190,-0.028175,-0.000049,0.000218,0.000003
3.470000,0.551925,-0.244196,-0.028167,-0.000049,0.000216,0.000003
3.480000,0.551902,-0.244202,-0.028161,-0.000050,0.000211,0.000003
3.490000,0.551878,-0.244208,-0.028158,-0.000050,0.000203,0.000003
3.500000,0.551856,-0.244214,-0.028156,-0.000050,0.000193,0.000003
3.510000,0.551834,-0.244220,-0.028157,-0.000050,0.000181,0.000003
3.520000,0.551814,-0.244226,-0.028160,-0.000049,0.000166,0.000003
3.530000,0.551795,-0.244232,-0.028165,-0.000049,0.000151,0.000003
3.540000,0.551777,-0.244238,-0.028172,-0.000048,0.000134,0.000003
3.550000,0.551761,-0.244244,-0.028181,-0.000046,0.000116,0.000003
3.560000,0.551747,-0.244249,-0.028191,-0.000045,0.000098,0.000003
3.570000,0.551735,-0.244255,-0.028203,-0.000044,0.000081,0.000002
3.580000,0.551724,-0.244260,-0.028215,-0.000042,0.000064,0.000002
3.590000,0.551715,-0.244265,-0.028227,-0.000041,0.000049,0.000002
3.600000,0.551707,-0.244270,-0.028240,-0.000039,0.000035,0.000002
3.610000,0.551700,-0.244275,-0.028252,-0.000038,0.000023,0.000002
3.620000,0.551694,-0.244279,-0.028264,-0.000036,0.000014,0.000002
3.630000,0.551690,-0.244283,-0.028275,-0.000035,0.000007,0.000002
3.640000,0.551685,-0.244288,-0.028285,-0.000034,0.000003,0.000002
3.650000,0.551682,-0.244292,-0.028293,-0.000033,0.000002,0.000002
3.660000,0.551678,-0.244296,-0.028299,-0.000032,0.000003,0.000002
3.670000,0.551674,-0.244300,-0.028303,-0.000032,0.000007,0.000002
3.680000,0.551670,-0.244303,-0.028305,-0.000032,0.000014,0.000002
3.690000,0.551665,-0.244307,-0.028305,-0.000032,0.000024,0.000002
3.700000,0.551659,-0.244311,-0.028303,-0.000032,0.000035,0.000002
3.710000,0.551651,-0.244315,-0.028299,-0.000033,0.000048,0.000002
3.720000,0.551643,-0.244319,-0.028293,-0.000033,0.000063,0.000002
3.730000,0.551633,-0.244323,-0.028285,-0.000034,0.000079,0.000002
3.740000,0.551622,-0.244328,-0.028276,-0.000035,0.000095,0.000002
3.750000,0.551609,-0.244332,-0.028265,-0.000037,0.000112,0.000002
3.760000,0.551595,-0.244337,-0.028253,-0.000038,0.000128,0.000002
3.770000,0.551579,-0.244342,-0.028240,-0.000039,0.000144,0.000002
3.780000,0.551562,-0.244346,-0.028226,-0.000041,0.000159,0.000002
3.790000,0.551543,-0.244352,-0.028213,-0.000042,0.000172,0.000002
3.800000,0.551523,-0.244357,-0.028200,-0.000044,0.000183,0.000002
3.810000,0.551502,-0.244362,-0.028187,-0.000045,0.000192,0.000003
3.820000,0.551480,-0.244368,-0.028176,-0.000046,0.000198,0.000003
3.830000,0.551459,-0.244373,-0.028159,-0.000048,0.000205,0.000003
3.840000,0.551436,-0.244379,-0.028152,-0.000049,0.000205,0.000003
3.850000,0.551414,-0.244385,-0.028138,-0.000050,0.000206,0.000003
3.860000,0.551392,-0.244391,-0.028130,-0.000051,0.000204,0.000003
3.870000,0.551370,-0.244397,-0.028123,-0.000052,0.000198,0.000003
3.880000,0.551347,-0.244403,-0.028125,-0.000051,0.000187,0.000003
3.890000,0.551326,-0.244409,-0.028128,-0.000050,0.000176,0.000003
3.900000,0.551306,-0.244415,-0.028133,-0.000050,0.000163,0.000003
3.910000,0.551288,-0.244421,-0.028133,-0.000050,0.000151,0.000003
3.920000,0.551271,-0.244427,-0.028143,-0.000048,0.000135,0.000003
3.930000,0.551256,-0.244432,-0.028140,-0.000049,0.000124,0.000003
3.940000,0.551241,-0.244438,-0.028154,-0.000047,0.000106,0.000003
3.950000,0.551228,-0.244444,-0.028161,-0.000046,0.000092,0.000003
3.960000,0.551217,-0.244449,-0.028170,-0.000045,0.000078,0.000003
3.970000,0.551206,-0.244454,-0.028185,-0.000043,0.000062,0.000002
3.980000,0.551197,-0.244459,-0.028199,-0.000041,0.000048,0.000002
3.990000,0.551189,-0.244464,-0.028212,-0.000040,0.000037,0.000002
4.000000,0.551183,-0.244469,-0.028220,-0.000039,0.000031,0.000002
4.010000,0.551176,-0.244473,-0.028232,-0.000037,0.000023,0.000002
4.020000,0.551171,-0.244478,-0.028238,-0.000037,0.000021,0.000002
4.030000,0.551166,-0.244482,-0.028244,-0.000036,0.000020,0.000002
4.040000,0.551161,-0.244486,-0.028252,-0.000035,0.000019,0.000002
4.050000,0.551155,-0.244490,-0.028257,-0.000034,0.000021,0.000002
4.060000,0.551150,-0.244495,-0.028261,-0.000034,0.000026,0.000002
4.070000,0.551143,-0.244499,-0.028263,-0.000034,0.000033,0.000002
4.080000,0.551136,-0.244503,-0.028262,-0.000034,0.000043,0.000002
4.090000,0.551129,-0.244507,-0.028260,-0.000034,0.000054,0.000002
4.100000,0.551120,-0.244511,-0.028255,-0.000035,0.000067,0.000002
4.110000,0.551110,-0.244516,-0.028249,-0.000035,0.000080,0.000002
4.120000,0.551098,-0.244520,-0.028241,-0.000036,0.000094,0.000002
4.130000,0.551086,-0.244525,-0.028232,-0.000037,0.000109,0.000002
4.140000,0.551072,-0.244529,-0.028222,-0.000039,0.000123,0.000002
4.150000,0.551056,-0.244534,-0.028211,-0.000040,0.000137,0.000002
4.160000,0.551039,-0.244539,-0.028199,-0.000041,0.000150,0.000002
4.170000,0.551022,-0.244544,-0.028187,-0.000042,0.000161,0.000002
4.180000,0.551003,-0.244549,-0.028176,-0.000043,0.000171,0.000002
4.190000,0.550983,-0.244555,-0.028165,-0.000045,0.000180,0.000002
4.200000,0.550962,-0.244560,-0.028154,-0.000046,0.000186,0.000003
4.210000,0.550941,-0.244566,-0.028145,-0.000047,0.000190,0.000003
4.220000,0.550920,-0.244572,-0.028136,-0.000047,0.000192,0.000003
4.230000,0.550898,-0.244578,-0.028130,-0.000048,0.000191,0.000003
4.240000,0.550877,-0.244583,-0.028124,-0.000049,0.000188,0.000003
4.250000,0.550855,-0.244589,-0.028121,-0.000049,0.000183,0.000003
4.260000,0.550835,-0.244595,-0.028119,-0.000049,0.000176,0.000003
4.270000,0.550815,-0.244601,-0.028119,-0.000049,0.000167,0.000003
4.280000,0.550795,-0.244607,-0.028120,-0.000048,0.000157,0.000003
4.290000,0.550777,-0.244613,-0.028123,-0.000048,0.000145,0.000003
4.300000,0.550760,-0.244619,-0.028128,-0.000047,0.000132,0.000003
4.310000,0.550745,-0.244625,-0.028134,-0.000046,0.000119,0.000003
4.320000,0.550730,-0.244630,-0.028142,-0.000045,0.000105,0.000003
4.330000,0.550717,-0.244636,-0.028150,-0.000044,0.000092,0.000002
4.340000,0.550705,-0.244641,-0.028159,-0.000043,0.000079,0.000002
4.350000,0.550694,-0.244646,-0.028168,-0.000042,0.000067,0.000002
4.360000,0.550684,-0.244651,-0.028178,-0.000041,0.000056,0.000002
4.370000,0.550675,-0.244656,-0.028187,-0.000040,0.000047,0.000002
4.380000,0.550668,-0.244661,-0.028196,-0.000039,0.000039,0.000002
4.390000,0.550660,-0.244665,-0.028204,-0.000038,0.000033,0.000002
4.400000,0.550654,-0.244670,-0.028212,-0.000037,0.000029,0.000002
4.410000,0.550648,-0.244674,-0.028218,-0.000036,0.000027,0.000002
4.420000,0.550641,-0.244679,-0.028223,-0.000036,0.000027,0.000002
4.430000,0.550635,-0.244683,-0.028227,-0.000035,0.000030,0.000002
4.440000,0.550629,-0.244687,-0.028229,-0.000035,0.000035,0.000002
4.450000,0.550622,-0.244692,-0.028229,-0.000035,0.000041,0.000002
4.460000,0.550614,-0.244696,-0.028228,-0.000035,0.000049,0.000002
4.470000,0.550606,-0.244700,-0.028225,-0.000035,0.000059,0.000002
4.480000,0.550597,-0.244705,-0.028221,-0.000036,0.000070,0.000002
4.490000,0.550586,-0.244709,-0.028215,-0.000036,0.000081,0.000002
4.500000,0.550575,-0.244714,-0.028208,-0.000037,0.000094,0.000002
4.510000,0.550562,-0.244718,-0.028200,-0.000038,0.000106,0.000002
4.520000,0.550549,-0.244723,-0.028191,-0.000039,0.000119,0.000002
4.530000,0.550534,-0.244728,-0.028181,-0.000040,0.000131,0.000002
4.540000,0.550517,-0.244733,-0.028171,-0.000041,0.000142,0.000002
4.550000,0.550500,-0.244738,-0.028161,-0.000042,0.000153,0.000002
4.560000,0.550482,-0.244743,-0.028151,-0.000044,0.000162,0.000002
4.570000,0.550463,-0.244749,-0.028141,-0.000045,0.000169,0.000002
4.580000,0.550444,-0.244754,-0.028131,-0.000045,0.000175,0.000003
4.590000,0.550424,-0.244760,-0.028123,-0.000046,0.000179,0.000003
4.600000,0.550403,-0.244765,-0.028115,-0.000047,0.000181,0.000003
4.610000,0.550382,-0.244771,-0.028109,-0.000048,0.000181,0.000003
4.620000,0.550362,-0.244777,-0.028104,-0.000048,0.000178,0.000003
4.630000,0.550342,-0.244783,-0.028101,-0.000048,0.000174,0.000003
4.640000,0.550322,-0.244789,-0.028099,-0.000048,0.000169,0.000003
4.650000,0.550302,-0.244795,-0.028098,-0.000048,0.000161,0.000003
4.660000,0.550284,-0.244801,-0.028099,-0.000048,0.000152,0.000003
4.670000,0.550266,-0.244806,-0.028101,-0.000048,0.000142,0.000003
4.680000,0.550249,-0.244812,-0.028105,-0.000047,0.000131,0.000003
4.690000,0.550233,-0.244818,-0.028110,-0.000046,0.000120,0.000003
4.700000,0.550219,-0.244823,-0.028116,-0.000046,0.000108,0.000003
4.710000,0.550205,-0.244829,-0.028123,-0.000045,0.000096,0.000002
4.720000,0.550193,-0.244834,-0.028131,-0.000044,0.000085,0.000002
4.730000,0.550181,-0.244840,-0.028139,-0.000043,0.000074,0.000002
4.740000,0.550171,-0.244845,-0.028147,-0.000042,0.000064,0.000002
4.750000,0.550162,-0.244850,-0.028155,-0.000041,0.000056,0.000002
4.760000,0.550153,-0.244855,-0.028163,-0.000040,0.000049,0.000002
4.770000,0.550145,-0.244859,-0.028170,-0.000039,0.000043,0.000002
4.780000,0.550137,-0.244864,-0.028177,-0.000038,0.000040,0.000002
4.790000,0.550130,-0.244869,-0.028182,-0.000037,0.000038,0.000002
4.800000,0.550123,-0.244873,-0.028187,-0.000037,0.000038,0.000002
4.810000,0.550116,-0.244878,-0.028190,-0.000037,0.000039,0.000002
4.820000,0.550108,-0.244882,-0.028192,-0.000036,0.000043,0.000002
4.830000,0.550101,-0.244887,-0.028193,-0.000036,0.000048,0.000002
4.840000,0.550092,-0.244891,-0.028192,-0.000036,0.000055,0.000002
4.850000,0.550083,-0.244895,-0.028190,-0.000037,0.000063,0.000002
4.860000,0.550074,-0.244900,-0.028186,-0.000037,0.000073,0.000002
4.870000,0.550063,-0.244904,-0.028181,-0.000038,0.000083,0.000002
4.880000,0.550051,-0.244909,-0.028175,-0.000038,0.000094,0.000002
4.890000,0.550039,-0.244914,-0.028168,-0.000039,0.000105,0.000002
4.900000,0.550025,-0.244919,-0.028160,-0.000040,0.000116,0.000002
4.910000,0.550011,-0.244924,-0.028152,-0.000041,0.000126,0.000002
4.920000,0.549995,-0.244929,-0.028143,-0.000042,0.000136,0.000002
4.930000,0.549978,-0.244934,-0.028134,-0.000043,0.000145,0.000002
4.940000,0.549961,-0.244939,-0.028125,-0.000044,0.000154,0.000002
4.950000,0.549943,-0.244945,-0.028116,-0.000045,0.000160,0.000002
4.960000,0.549924,-0.244950,-0.028108,-0.000045,0.000166,0.000003
4.970000,0.549905,-0.244956,-0.028100,-0.000046,0.000169,0.000003
4.980000,0.549885,-0.244961,-0.028093,-0.000047,0.000171,0.000003
4.990000,0.549866,-0.244967,-0.028087,-0.000047,0.000171,0.000003
5.000000,0.549846,-0.244973,-0.028083,-0.000048,0.000170,0.000003
5.010000,0.549826,-0.244979,-0.028079,-0.000048,0.000167,0.000003
5.020000,0.549807,-0.244985,-0.028077,-0.000048,0.000162,0.000003
5.030000,0.549788,-0.244990,-0.028076,-0.000048,0.000156,0.000003
5.040000,0.549770,-0.244996,-0.028077,-0.000048,0.000148,0.000003
5.050000,0.549753,-0.245002,-0.028079,-0.000047,0.000140,0.000003
5.060000,0.549736,-0.245008,-0.028082,-0.000047,0.000130,0.000003
5.070000,0.549721,-0.245014,-0.028086,-0.000046,0.000120,0.000003
5.080000,0.549706,-0.245019,-0.028091,-0.000046,0.000110,0.000003
5.090000,0.549692,-0.245025,-0.028097,-0.000045,0.000100,0.000002
5.100000,0.549679,-0.245030,-0.028103,-0.000044,0.000090,0.000002
5.110000,0.549668,-0.245035,-0.028110,-0.000043,0.000080,0.000002
5.120000,0.549657,-0.245041,-0.028117,-0.000042,0.000072,0.000002
5.130000,0.549646,-0.245046,-0.028124,-0.000042,0.000064,0.000002
5.140000,0.549637,-0.245051,-0.028131,-0.000041,0.000057,0.000002
5.150000,0.549628,-0.245056,-0.028137,-0.000040,0.000052,0.000002
5.160000,0.549619,-0.245060,-0.028143,-0.000039,0.000049,0.000002
5.170000,0.549611,-0.245065,-0.028148,-0.000039,0.000047,0.000002
5.180000,0.549603,-0.245070,-0.028152,-0.000038,0.000047,0.000002
5.190000,0.549595,-0.245074,-0.028155,-0.000038,0.000048,0.000002
5.200000,0.549587,-0.245079,-0.028157,-0.000038,0.000051,0.000002
5.210000,0.549579,-0.245084,-0.028157,-0.000037,0.000055,0.000002
5.220000,0.549570,-0.245088,-0.028157,-0.000038,0.000061,0.000002
5.230000,0.549560,-0.245093,-0.028155,-0.000038,0.000068,0.000002
5.240000,0.549550,-0.245097,-0.028152,-0.000038,0.000076,0.000002
5.250000,0.549540,-0.245102,-0.028148,-0.000039,0.000084,0.000002
5.260000,0.549528,-0.245107,-0.028143,-0.000039,0.000094,0.000002
5.270000,0.549515,-0.245112,-0.028137,-0.000040,0.000103,0.000002
5.280000,0.549502,-0.245117,-0.028130,-0.000040,0.000113,0.000002
5.290000,0.549487,-0.245122,-0.028122,-0.000041,0.000122,0.000002
5.300000,0.549472,-0.245127,-0.028115,-0.000042,0.000131,0.000002
5.310000,0.549456,-0.245132,-0.028107,-0.000043,0.000139,0.000002
5.320000,0.549439,-0.245137,-0.028099,-0.000044,0.000147,0.000002
5.330000,0.549422,-0.245143,-0.028091,-0.000045,0.000153,0.000002
5.340000,0.549404,-0.245148,-0.028083,-0.000045,0.000158,0.000003
5.350000,0.549385,-0.245154,-0.028076,-0.000046,0.000161,0.000003
5.360000,0.549366,-0.245160,-0.028070,-0.000047,0.000163,0.000003
5.370000,0.549347,-0.245165,-0.028065,-0.000047,0.000163,0.000003
5.380000,0.549329,-0.245171,-0.028060,-0.000047,0.000162,0.000003
5.390000,0.549310,-0.245177,-0.028057,-0.000048,0.000160,0.000003
5.400000,0.549291,-0.245183,-0.028055,-0.000048,0.000156,0.000003
5.410000,0.549273,-0.245189,-0.028054,-0.000048,0.000151,0.000003
5.420000,0.549255,-0.245194,-0.028054,-0.000048,0.000144,0.000003
5.430000,0.549238,-0.245200,-0.028056,-0.000047,0.000137,0.000003
5.440000,0.549222,-0.245206,-0.028058,-0.000047,0.000129,0.000003
5.450000,0.549206,-0.245212,-0.028061,-0.000046,0.000120,0.000003
5.460000,0.549191,-0.245217,-0.028065,-0.000046,0.000111,0.000003
5.470000,0.549177,-0.245223,-0.028070,-0.000045,0.000102,0.000003
5.480000,0.549164,-0.245228,-0.028076,-0.000045,0.000094,0.000002
5.490000,0.549152,-0.245234,-0.028081,-0.000044,0.000085,0.000002
5.500000,0.549141,-0.245239,-0.028087,-0.000043,0.000078,0.000002
5.510000,0.549130,-0.245244,-0.028093,-0.000042,0.000071,0.000002
5.520000,0.549120,-0.245249,-0.028099,-0.000042,0.000065,0.000002
5.530000,0.549110,-0.245254,-0.028105,-0.000041,0.000060,0.000002
5.540000,0.549101,-0.245259,-0.028110,-0.000040,0.000057,0.000002
5.550000,0.549092,-0.245264,-0.028114,-0.000040,0.000055,0.000002
5.560000,0.549083,-0.245269,-0.028118,-0.000039,0.000054,0.000002
5.570000,0.549074,-0.245274,-0.028121,-0.000039,0.000055,0.000002
5.580000,0.549066,-0.245278,-0.028122,-0.000039,0.000058,0.000002
5.590000,0.549057,-0.245283,-0.028123,-0.000039,0.000061,0.000002
5.600000,0.549047,-0.245288,-0.028123,-0.000039,0.000066,0.000002
5.610000,0.549037,-0.245292,-0.028121,-0.000039,0.000072,0.000002
5.620000,0.549027,-0.245297,-0.028118,-0.000039,0.000079,0.000002
5.630000,0.549016,-0.245302,-0.028115,-0.000039,0.000086,0.000002
5.640000,0.549004,-0.245307,-0.028111,-0.000040,0.000094,0.000002
5.650000,0.548991,-0.245312,-0.028105,-0.000041,0.000102,0.000002
5.660000,0.548978,-0.245317,-0.028099,-0.000041,0.000111,0.000002
5.670000,0.548964,-0.245322,-0.028093,-0.000042,0.000119,0.000002
5.680000,0.548949,-0.245327,-0.028086,-0.000043,0.000127,0.000002
5.690000,0.548933,-0.245332,-0.028079,-0.000043,0.000134,0.000002
5.700000,0.548917,-0.245338,-0.028072,-0.000044,0.000141,0.000002
5.710000,0.548900,-0.245343,-0.028065,-0.000045,0.000146,0.000002
5.720000,0.548882,-0.245349,-0.028058,-0.000045,0.000151,0.000003
5.730000,0.548865,-0.245354,-0.028052,-0.000046,0.000154,0.000003
5.740000,0.548846,-0.245360,-0.028046,-0.000047,0.000156,0.000003
5.750000,0.548828,-0.245366,-0.028041,-0.000047,0.000156,0.000003
5.760000,0.548810,-0.245371,-0.028037,-0.000047,0.000156,0.000003
5.770000,0.548792,-0.245377,-0.028034,-0.000048,0.000154,0.000003
5.780000,0.548774,-0.245383,-0.028032,-0.000048,0.000151,0.000003
5.790000,0.548756,-0.245389,-0.028031,-0.000048,0.000146,0.000003
5.800000,0.548739,-0.245395,-0.028031,-0.000048,0.000141,0.000003
5.810000,0.548722,-0.245400,-0.028032,-0.000047,0.000135,0.000003
5.820000,0.548706,-0.245406,-0.028033,-0.000047,0.000128,0.000003
5.830000,0.548690,-0.245412,-0.028036,-0.000047,0.000120,0.000003
5.840000,0.548675,-0.245417,-0.028039,-0.000046,0.000112,0.000003
5.850000,0.548661,-0.245423,-0.028044,-0.000046,0.000105,0.000003
5.860000,0.548648,-0.245429,-0.028048,-0.000045,0.000097,0.000002
5.870000,0.548635,-0.245434,-0.028053,-0.000044,0.000090,0.000002
5.880000,0.548623,-0.245439,-0.028058,-0.000044,0.000083,0.000002
5.890000,0.548612,-0.245445,-0.028063,-0.000043,0.000077,0.000002
5.900000,0.548601,-0.245450,-0.028068,-0.000042,0.000071,0.000002
5.910000,0.548591,-0.245455,-0.028073,-0.000042,0.000067,0.000002
5.920000,0.548581,-0.245460,-0.028078,-0.000041,0.000064,0.000002
5.930000,0.548572,-0.245465,-0.028081,-0.000041,0.000062,0.000002
5.940000,0.530590,0.783290,-0.015404,-0.000283,0.000850,0.000006
5.950000,0.530495,0.783240,-0.015456,-0.000638,0.001017,0.000014
5.960000,0.529683,0.783152,-0.015515,-0.000993,0.006406,0.000021
5.970000,0.528531,0.784773,-0.015558,-0.001349,0.008964,0.000029
5.980000,0.527222,0.784680,-0.015681,-0.001705,0.009945,0.000036
5.990000,0.525875,0.782811,-0.015890,-0.002061,0.010072,0.000043
6.000000,0.524567,0.783487,-0.016080,-0.002419,0.009735,0.000050
6.010000,0.518055,0.783511,-0.115246,0.002174,0.012134,-0.000214
6.020000,0.519197,0.783777,-0.069731,-0.002528,0.009686,0.000030
6.030000,0.520954,0.783806,-0.016946,-0.003540,0.007865,0.000073
6.040000,0.519910,0.784860,-0.018157,-0.003718,0.006868,0.000070
6.050000,0.519038,0.784843,-0.018505,-0.004093,0.005964,0.000078
6.060000,0.518275,0.784769,-0.018899,-0.004468,0.005204,0.000086
6.070000,0.516830,0.785153,-0.019619,-0.004841,0.001184,0.000098
6.080000,0.516547,0.784612,-0.020084,-0.005214,0.002289,0.000106
6.090000,0.516230,0.782613,-0.020615,-0.005586,0.002619,0.000114
6.100000,0.515947,0.781957,-0.021140,-0.005956,0.002506,0.000122
6.110000,0.515726,0.778411,-0.021763,-0.006324,0.002133,0.000129
6.120000,0.515600,0.777091,-0.022351,-0.006690,0.001624,0.000137
6.130000,0.515582,0.775651,-0.022957,-0.007053,0.001021,0.000145
6.140000,0.516917,0.774127,-0.023642,-0.007413,-0.009276,0.000154
6.150000,0.519103,0.772429,-0.024375,-0.007768,-0.010249,0.000164
6.160000,0.521410,0.770587,-0.025110,-0.008117,-0.010644,0.000174
6.170000,0.523822,0.768595,-0.025841,-0.008461,-0.011021,0.000184
6.180000,0.526351,0.766446,-0.026561,-0.008796,-0.011380,0.000194
6.190000,0.528996,0.764133,-0.027261,-0.009123,-0.011717,0.000205
6.200000,0.531756,0.761649,-0.027935,-0.009440,-0.012032,0.000215
6.210000,0.534637,0.758986,-0.028575,-0.009746,-0.012321,0.000226
6.220000,0.529131,0.755139,-0.194110,-0.006461,-0.012629,0.000045
6.230000,0.541069,0.753132,-0.029703,-0.010359,-0.012856,0.000248
6.240000,0.544345,0.749938,-0.030189,-0.010616,-0.013050,0.000259
6.250000,0.548899,0.746721,-0.030662,-0.010854,-0.019194,0.000270
6.260000,0.556381,0.743149,-0.031217,-0.011073,-0.043014,0.000285
6.270000,0.565616,0.739334,-0.031779,-0.011269,-0.057251,0.000302
6.280000,0.575882,0.735294,-0.032298,-0.011440,-0.065535,0.000319
6.290000,0.586727,0.731038,-0.032740,-0.011584,-0.070052,0.000337
6.300000,0.597863,0.726573,-0.033077,-0.011698,-0.072133,0.000355
6.310000,0.609105,0.721900,-0.033286,-0.011781,-0.072606,0.000372
6.320000,0.621524,0.717061,-0.033424,-0.011828,-0.081350,0.000390
6.330000,0.635664,0.713999,-0.034601,-0.011642,-0.108779,0.000401
6.340000,0.643799,0.707215,-0.184760,-0.009683,-0.114899,0.000302
6.350000,0.670398,0.702824,-0.034467,-0.011607,-0.117025,0.000445
6.360000,0.687660,0.697223,-0.034194,-0.011501,-0.116037,0.000464
6.370000,0.704587,0.691512,-0.033735,-0.011346,-0.112969,0.000481
6.380000,0.721070,0.685673,-0.033053,-0.011139,-0.108717,0.000495
6.390000,0.737022,0.679771,-0.032130,-0.010878,-0.103808,0.000506
6.400000,-0.477347,0.551695,-0.045691,-0.002234,-0.105623,0.019768
6.410000,0.190326,1.272702,1.870741,-0.006412,-0.086504,0.017813
6.420000,-0.025291,1.051337,0.424062,-0.003484,-0.048580,0.026276
6.430000,-0.324107,0.593423,-0.108717,-0.006697,-0.066315,0.013009
6.440000,-0.368420,0.569344,-0.075640,-0.005102,-0.080402,0.008617
6.450000,-0.343340,0.571412,-0.079830,-0.005151,-0.079939,0.013299
6.460000,-0.337867,0.566205,-0.073101,-0.004445,-0.082095,0.012945
6.470000,-0.242494,0.530935,-0.104158,-0.004435,-0.080293,0.014871
6.480000,-0.252347,0.533492,-0.059524,-0.002989,-0.079865,0.011965
6.490000,-0.202916,0.544758,-0.074953,-0.002295,-0.073196,0.013990
6.500000,-0.084333,0.663224,0.033364,-0.001555,-0.066596,0.015561
6.510000,0.069497,0.844704,0.222704,-0.000362,-0.061632,0.014337
6.520000,0.048391,0.782935,0.150471,0.000632,-0.058560,0.011471
6.530000,0.008005,0.720384,0.101385,0.001863,-0.061308,0.008642
6.540000,0.127996,0.842524,0.223307,0.004629,-0.060178,0.006979
6.550000,4.402691,-2.251276,-8.978501,-0.000122,-0.092069,0.007826
6.560000,0.400620,-0.618813,-0.205147,-0.007905,-0.047718,0.005401
6.570000,0.044127,-0.196836,0.532994,-0.020460,-0.118491,0.002114
6.580000,0.850231,0.543730,1.019309,0.037258,-0.092156,-0.003758
6.590000,0.566333,0.350465,0.221885,0.058582,-0.079006,-0.006124
6.600000,0.598414,0.388171,0.208012,0.067975,-0.075753,-0.007305
6.610000,0.612274,1.310870,0.473551,0.085941,-0.089406,-0.002474
6.620000,1.037427,0.646389,-0.457342,0.081631,-0.107180,-0.003209
6.630000,1.038339,0.632298,-0.362536,0.067573,-0.108410,-0.005174
6.640000,0.917802,0.592167,-0.372980,0.061284,-0.105658,-0.006502
6.650000,0.944968,0.613888,-0.311460,0.055657,-0.095829,-0.005875
6.660000,1.017587,0.673983,-0.174786,0.051714,-0.084274,-0.005415
6.670000,1.057213,0.707733,-0.077429,0.048009,-0.071585,-0.004983
6.680000,1.067777,0.735768,-0.172283,0.045222,-0.048458,-0.004658
6.690000,1.140543,0.815850,-0.130199,0.045457,-0.023937,-0.004645
6.700000,0.707394,0.430799,0.133840,0.044719,-0.001597,-0.004617
6.710000,0.992200,0.699572,-0.028531,0.048666,0.000637,-0.005157
6.720000,1.045520,0.776197,-0.110562,0.048002,-0.002407,-0.005079
6.730000,0.943929,0.844500,-1.263025,0.106244,-0.065769,-0.010753
6.740000,0.901741,0.019144,-1.444063,0.022448,-0.018313,-0.001687
6.750000,1.040236,0.030451,-0.102044,0.002695,0.014306,0.000468
6.760000,1.027988,0.036226,-0.102034,-0.000039,0.038313,0.000755
6.770000,1.015384,0.040619,-0.101783,-0.002776,0.037458,0.001035
6.780000,1.178470,-0.256900,-0.243936,-0.005889,0.035353,0.001353
6.790000,1.005344,0.045149,0.033883,-0.007952,0.035072,0.001555
6.800000,0.977970,0.046052,-0.100696,-0.010623,0.033583,0.001821
6.810000,0.966676,0.043840,-0.099647,-0.013232,0.031895,0.002078
6.820000,0.955761,0.040641,-0.098410,-0.015762,0.030020,0.002324
6.830000,0.944934,0.036031,-0.096968,-0.018200,0.031987,0.002557
6.840000,0.934202,0.029793,-0.095329,-0.020530,0.033704,0.002775
6.850000,0.923651,0.021819,-0.093508,-0.022741,0.037071,0.002969
6.860000,0.911864,0.012703,-0.091368,-0.024820,0.052914,0.003136
6.870000,0.814375,0.056479,-0.079224,-0.026782,0.079256,0.002991
6.880000,0.734258,-0.014803,-0.006389,-0.028512,0.102086,0.001173
6.890000,1.115119,-0.828833,0.199754,-0.087808,0.131983,-0.004415
6.900000,1.341749,-0.493223,0.234430,-0.051183,0.108616,-0.009409
6.910000,1.316456,-0.506471,0.058691,-0.033842,0.100202,-0.010928
6.920000,1.272088,-0.480975,0.046140,-0.027971,0.096959,-0.011139
6.930000,1.289366,-0.528802,-0.056962,-0.024244,0.105308,-0.011056
6.940000,1.266255,-0.522375,-0.020348,-0.024915,0.111601,-0.010444
6.950000,1.269547,-0.551085,-0.039628,-0.025454,0.121866,-0.009780
6.960000,1.168339,-0.454850,0.071997,-0.018959,0.106197,-0.009634
6.970000,1.131968,-0.437965,0.055233,-0.012703,0.100594,-0.009396
6.980000,1.123279,-0.453983,-0.008094,-0.007101,0.099994,-0.009027
6.990000,1.109106,-0.459783,-0.024415,-0.004108,0.101288,-0.008349
7.000000,1.091520,-0.461191,-0.031346,-0.001315,0.102104,-0.007588
7.010000,1.080918,-0.470349,-0.037102,0.000311,0.105404,-0.006676
7.020000,-5.663278,6.412070,7.913502,0.035823,0.172539,-0.014758
7.030000,0.567076,-0.060260,-1.178299,-0.010213,0.151891,0.000120
7.040000,0.559176,-0.117362,-0.171379,-0.014088,0.128081,0.000356
7.050000,0.403513,-0.154275,-0.161993,-0.016001,0.117906,0.000088
7.060000,-2.459136,3.284507,4.834963,-0.017822,0.113200,0.000347
7.070000,0.612191,-0.116844,-0.175404,-0.019460,0.084530,0.000540
7.080000,0.640951,-0.163612,0.198380,-0.039973,0.079642,0.002065
7.090000,0.658059,-0.185151,0.410367,-0.072932,0.068704,0.005433
7.100000,0.653377,-0.208126,0.390428,-0.076209,0.063790,0.006676
7.110000,0.960367,-0.583711,-0.036202,-0.078260,0.048986,0.007938
7.120000,1.981290,-0.603082,11.664007,-0.635633,0.377914,-0.049094
7.130000,1.853305,-0.666304,6.438763,-0.101784,-0.048947,-0.107563
7.140000,1.404857,-0.811984,3.680002,0.191769,-0.263230,-0.145323
7.150000,1.096703,-1.282864,0.154862,0.326504,-0.345806,-0.148817
7.160000,1.411530,-1.143545,-0.114901,0.393356,-0.362762,-0.148386
7.170000,1.488907,-1.151387,-0.521125,0.433382,-0.366453,-0.146430
7.180000,1.464684,-1.002853,-0.287586,0.433562,-0.349221,-0.142350
7.190000,1.446522,-0.857493,0.057122,0.422800,-0.320163,-0.137626
7.200000,1.498983,-0.801607,0.258864,0.407702,-0.277710,-0.132518
7.210000,1.626255,-0.853314,0.121638,0.415923,-0.238485,-0.128464
7.220000,1.727365,-0.882438,-0.027887,0.434144,-0.206637,-0.124730
7.230000,1.818712,-0.896257,-0.214900,0.459463,-0.179471,-0.121179
7.240000,1.873128,-0.883727,-0.390917,0.490387,-0.158860,-0.117762
7.250000,1.814031,-0.737541,-0.262144,0.514949,-0.153218,-0.113982
7.260000,1.729681,-0.555560,0.051422,0.520505,-0.137563,-0.109208
7.270000,1.892897,-0.684102,-0.574403,0.573970,-0.119339,-0.107260
7.280000,2.071490,-0.840542,-1.429825,0.647497,-0.111274,-0.106536
7.290000,2.092233,-0.795650,-1.656642,0.689263,-0.101294,-0.104090
7.300000,2.133581,-0.776129,-1.968106,0.734448,-0.090524,-0.102086
7.310000,2.197296,-0.782929,-2.357125,0.782213,-0.078074,-0.100489
7.320000,2.199345,-0.711523,-2.493977,0.816180,-0.063266,-0.098336
7.330000,2.213008,-0.651428,-2.594478,0.842959,-0.041307,-0.096023
7.340000,2.249471,-0.623926,-2.830535,0.879752,-0.023187,-0.094551
7.350000,2.224111,-0.517857,-2.800025,0.900724,-0.001584,-0.092363
7.360000,2.128045,-0.321613,-2.440190,0.901841,0.026054,-0.089150
7.370000,2.024068,-0.115136,-1.976438,0.893289,0.060701,-0.085429
7.380000,2.088154,-0.127723,-2.144164,0.914949,0.095343,-0.083698
7.390000,2.218851,-0.240946,-2.704775,0.964717,0.119448,-0.083981
7.400000,2.238468,-0.216555,-2.883227,1.001391,0.140865,-0.083696
7.410000,2.225945,-0.151169,-2.924813,1.035481,0.163399,-0.083556
7.420000,2.213921,-0.086653,-2.932459,1.070603,0.188518,-0.083782
7.430000,2.274774,-0.120000,-3.181716,1.111960,0.217271,-0.084646
7.440000,2.213098,0.001142,-3.079832,1.136109,0.239844,-0.084724
7.450000,2.164161,0.111527,-2.872479,1.179634,0.269575,-0.086366
7.460000,2.098161,0.074067,-2.908576,1.227930,0.302819,-0.090625
7.470000,2.221074,0.197387,-3.038703,1.272587,0.326077,-0.096422
7.480000,12.601987,9.765658,18.596554,1.362807,0.296113,-0.106753
7.490000,-1.969949,1.476844,-10.042577,1.685108,0.833724,-0.098914
7.500000,-3.472012,1.683258,-9.617402,1.497635,0.495684,-0.067238
7.510000,-4.347982,1.889716,-9.392025,1.317535,0.233642,-0.040747
7.520000,0.271683,3.876792,-6.859641,1.203713,-0.159841,-0.062376
7.530000,0.383598,4.871295,-4.640336,0.922218,-0.185949,-0.051902
7.540000,0.409230,5.023659,-4.316552,0.781902,-0.192690,-0.048843
7.550000,0.422502,5.048651,-4.265440,0.671726,-0.204381,-0.046975
7.560000,3.133034,-1.345080,-5.192663,0.381763,-0.047130,-0.024759
7.570000,2.045046,2.077731,0.334202,0.373990,-0.196884,-0.030857
7.580000,1.841586,2.276699,-0.306877,0.535418,-0.291986,-0.047389
7.590000,0.509937,3.409266,-2.598867,0.744752,-0.176176,-0.062763
7.600000,0.499244,3.467009,-2.868440,0.788002,-0.212999,-0.068857
7.610000,0.518864,3.541650,-2.800292,0.840586,-0.242711,-0.076383
7.620000,0.495586,3.625742,-3.226861,0.863640,-0.261893,-0.081882
7.630000,0.570457,3.739130,-2.550099,0.755737,-0.287817,-0.075234
7.640000,0.698786,3.842453,-1.399960,0.590529,-0.307104,-0.062270
7.650000,0.788567,3.913105,-0.766989,0.494929,-0.328294,-0.055024
7.660000,0.909592,3.962364,0.060586,0.479837,-0.372151,-0.055643
7.670000,0.963914,4.009723,0.175181,0.469784,-0.424093,-0.056890
7.680000,0.803749,4.048631,-1.586021,0.526083,-0.474199,-0.066218
7.690000,0.843828,4.100449,-1.590514,0.525446,-0.519775,-0.069297
7.700000,0.942155,4.156551,-1.183839,0.462312,-0.548313,-0.064268
7.710000,1.164382,4.204050,0.055046,0.404149,-0.566465,-0.059154
7.720000,1.237561,4.241434,0.141546,0.348720,-0.587901,-0.053677
7.730000,1.314004,4.270340,0.209522,0.306215,-0.625920,-0.049426
7.740000,1.403872,4.294314,0.321356,0.270300,-0.670485,-0.045705
7.750000,1.488681,4.313768,0.360679,0.262739,-0.718611,-0.046327
7.760000,1.437117,4.328303,-0.392422,0.347756,-0.754624,-0.063485
7.770000,1.399704,4.350595,-1.015577,0.413823,-0.772986,-0.078706
7.780000,-5.976679,5.288176,2.484535,0.420094,-0.784778,-0.083435
7.790000,1.204864,4.413659,-2.714053,0.504778,-0.791386,-0.104531
7.800000,1.658978,4.466448,-0.812781,0.405338,-0.616170,-0.086641
7.810000,1.774561,4.498466,-0.604341,0.335074,-0.695361,-0.073986
7.820000,1.809082,4.521784,-0.801570,0.250750,-0.762217,-0.057156
7.830000,1.925823,4.535862,-0.668431,0.170097,-0.826983,-0.039859
7.840000,2.080229,4.540064,-0.420254,0.106731,-0.854926,-0.025390
7.850000,1.721555,-3.271337,-19.623952,0.418998,-0.136780,-0.203115
7.860000,-0.948772,0.477184,-10.239268,-0.232053,-0.911946,-0.050889
7.870000,-1.438439,1.580901,-7.372793,-0.535966,-1.210536,0.023099
7.880000,2.311487,4.872382,-5.170245,-0.242160,-1.493306,-0.250234
7.890000,2.327188,4.941752,-4.769256,-0.329034,-1.477312,-0.279676
7.900000,2.296475,4.790216,-4.839945,-0.382437,-1.444414,-0.324401
7.910000,2.881928,4.858651,-4.630938,-0.464502,-1.419917,-0.353708
7.920000,2.611154,4.233814,-5.851609,-0.528054,-1.428079,-0.385085
7.930000,3.838381,4.405287,-5.490221,-0.615566,-1.470680,-0.398158
7.940000,1.943371,4.101156,-6.139284,-0.199079,-1.094661,-0.116762
7.950000,3.047042,3.356954,-7.160742,-0.257316,-1.206198,-0.088201
7.960000,3.163564,3.682641,-6.515208,-0.290790,-1.266087,-0.048194
7.970000,-4.270643,11.381603,7.067667,-0.210989,-1.282440,-0.034973
7.980000,3.087450,3.673257,-6.991312,-0.199980,-1.292220,-0.014956
7.990000,3.523878,4.112932,-6.097432,-0.268455,-1.297021,0.043941
8.000000,3.404892,3.406681,-7.912036,-0.115090,-1.211394,0.079661
8.010000,2.192290,4.591590,-6.345391,-0.077826,-1.234582,0.105773
8.020000,3.460390,3.037209,-7.007463,-0.167978,-1.301316,0.142888
8.030000,3.658768,3.309319,-5.771702,-0.231642,-1.318842,0.172809
8.040000,4.093233,3.883337,-2.897466,-0.312656,-1.315839,0.203560
8.050000,4.342536,3.801955,-2.766824,-0.334619,-1.292338,0.214539
8.060000,4.499846,3.767193,-2.682950,-0.341370,-1.221122,0.219737
8.070000,2.812418,0.036251,4.851351,-0.701095,-1.421174,0.382122
8.080000,4.739273,1.779693,4.033673,-0.377834,-0.989271,0.248611
8.090000,-6.861342,1.498575,-9.117713,0.048329,-1.131707,0.089009
8.100000,7.235454,2.473083,-3.103399,-0.213416,-0.991992,0.158870
8.110000,5.881483,2.671059,-4.110133,-0.225488,-0.720580,0.107046
8.120000,6.160885,2.505143,-4.546794,-0.236911,-0.519787,0.057004
8.130000,6.315890,2.413280,-4.774561,-0.247585,-0.366744,0.008010
8.140000,6.413217,2.347742,-4.918094,-0.257995,-0.235195,-0.040335
8.150000,6.504757,2.262507,-5.085434,-0.268528,-0.098722,-0.088290
8.160000,-5.846224,0.174607,-12.881383,0.354105,-0.397180,-0.174793
8.170000,8.178047,11.689059,2.084431,0.169106,-0.130271,-0.052378
8.180000,14.318759,14.995556,5.803728,0.048016,-0.005234,0.036401
8.190000,-1.007419,2.550212,-8.100775,-0.051534,-0.020780,0.064560
8.200000,-2.690414,1.868325,-8.727923,-0.106103,-0.108246,0.068448
8.210000,3.388664,3.711831,-5.568536,-0.203524,-0.087004,0.100543
8.220000,4.712381,3.783398,-3.196557,-0.280447,0.020577,0.136249
8.230000,4.869660,3.767142,-2.850423,-0.300735,0.049952,0.146142
8.240000,4.968213,3.748773,-2.624612,-0.310777,0.071759,0.150880
8.250000,5.014122,3.729771,-2.499040,-0.312828,0.085881,0.151589
8.260000,5.030988,3.710173,-2.425166,-0.311108,0.105427,0.150354
8.270000,5.022239,3.689861,-2.391036,-0.306085,0.143860,0.147319
8.280000,4.992216,3.669281,-2.410211,-0.300640,0.104579,0.144365
8.290000,4.890819,3.652115,-2.565058,-0.278435,0.134906,0.132986
8.300000,4.902116,3.635684,-2.497149,-0.267054,0.103963,0.127122
8.310000,7.050328,4.582132,-3.486775,-0.258348,0.032922,0.120521
8.320000,4.938169,3.380508,-2.593347,-0.271330,0.042595,0.124365
8.330000,-2.115793,-2.311820,-11.779869,-0.298656,0.065983,0.141317
8.340000,4.543134,3.329983,-3.321540,-0.273931,0.060436,0.120733
8.350000,4.493513,3.319339,-3.371849,-0.253342,0.077365,0.108256
8.360000,4.500186,3.302672,-3.296185,-0.248617,0.123662,0.103557
8.370000,4.504800,3.286384,-3.230916,-0.249004,0.090736,0.101693
8.380000,-1.641724,-0.556153,-5.052014,-0.275740,0.073084,0.114439
8.390000,4.552497,3.251240,-3.041440,-0.260022,0.044240,0.103942
8.400000,5.160354,3.177414,-1.767882,-0.292326,0.086153,0.118244
8.410000,4.854213,3.201712,-2.290758,-0.294993,0.127535,0.118069
8.420000,4.585952,3.179640,-2.764961,-0.289997,0.154702,0.114235
8.430000,0.050831,0.298963,-3.968482,-0.292887,0.193427,0.115375
8.440000,4.421354,3.144847,-2.939961,-0.259382,0.182797,0.097117
8.450000,4.733310,3.117783,-2.191925,-0.305294,0.215861,0.118046
8.460000,4.517081,3.095759,-2.548572,-0.291990,0.229268,0.110768
8.470000,4.344920,3.080134,-2.813762,-0.259424,0.239447,0.094626
8.480000,4.137675,3.073484,-3.171015,-0.217263,0.197864,0.074582
8.490000,4.045861,2.957051,-3.808692,-0.176694,0.090132,0.055988
8.500000,3.841063,3.056236,-3.704439,-0.165073,0.063543,0.051181
8.510000,4.111416,3.035361,-3.068240,-0.233018,0.100275,0.083414
8.520000,4.175767,3.013551,-2.870906,-0.253059,0.117088,0.093382
8.530000,4.083081,2.997540,-3.014819,-0.235143,0.124465,0.085916
8.540000,4.025038,2.981735,-3.085710,-0.225672,0.130193,0.082497
8.550000,3.990658,2.965005,-3.107698,-0.222166,0.133309,0.081951
8.560000,4.213497,2.935355,-2.561340,-0.280098,0.158735,0.109302
8.570000,0.615936,0.587335,-3.594928,-0.312552,0.185952,0.125810
8.580000,6.185916,2.143047,-8.708966,-0.328722,0.189972,0.117314
8.590000,4.415724,2.843644,-1.922704,-0.325107,0.205804,0.132019
8.600000,1.697620,0.898523,-2.265931,-0.333515,0.128068,0.137693
8.610000,4.397152,2.769406,-1.886233,-0.325524,0.154555,0.134322
8.620000,4.381154,2.750701,-1.869408,-0.325492,0.180029,0.135127
8.630000,6.960063,4.458558,-1.318412,-0.312270,0.191215,0.130053
8.640000,4.358112,2.669434,-1.828709,-0.325304,0.203212,0.136263
8.650000,3.962200,0.783836,-2.139078,-0.272066,0.202196,0.114094
8.660000,3.832385,2.626475,-2.983689,-0.238904,0.200319,0.100724
8.670000,3.746104,2.606968,-3.160769,-0.212893,0.203100,0.090494
8.680000,3.718968,2.587545,-3.201220,-0.202870,0.201751,0.086924
8.690000,3.718358,2.567229,-3.182137,-0.200573,0.194360,0.086472
8.700000,3.927666,2.315078,-2.715549,-0.275097,0.198439,0.117060
8.710000,4.336714,2.211719,-1.682176,-0.320585,0.188920,0.134255
8.720000,4.357127,1.988396,-1.636796,-0.318940,0.200525,0.132456
8.730000,4.496077,2.133790,-1.200215,-0.328388,0.208874,0.134842
8.740000,4.333817,1.923204,-1.595618,-0.315342,0.213805,0.128380
8.750000,6.415201,0.470133,-0.131782,-0.341336,0.210913,0.136695
8.760000,4.280853,1.781781,-1.642761,-0.314584,0.224636,0.125508
8.770000,3.609844,1.157222,-3.384805,-0.307410,0.227612,0.121037
8.780000,4.269505,1.975395,-1.546579,-0.306874,0.234463,0.119397
8.790000,4.256587,1.949804,-1.527344,-0.304682,0.242411,0.117008
8.800000,4.242673,1.937642,-1.511730,-0.302503,0.249572,0.114678
8.810000,4.228279,1.900125,-1.489798,-0.300302,0.255132,0.112230
8.820000,4.212718,1.886517,-1.473720,-0.298070,0.257460,0.109857
8.830000,3.909458,1.856601,-2.260365,-0.262707,0.254095,0.095737
8.840000,3.858868,1.858733,-2.349126,-0.238254,0.247474,0.085684
8.850000,3.822222,1.851511,-2.402261,-0.221169,0.245144,0.078483
8.860000,3.835806,1.814324,-2.424259,-0.214073,0.242671,0.074833
8.870000,3.862504,1.726277,-2.636265,-0.199361,0.241872,0.074976
8.880000,2.989678,3.933708,5.556225,-0.168778,0.246878,0.069344
8.890000,3.705060,1.908996,-2.232920,-0.205052,0.253234,0.085146
8.900000,3.650639,2.002605,-1.953294,-0.218081,0.262074,0.095657
8.910000,3.627408,2.127184,-1.444457,-0.252804,0.271007,0.114064
8.920000,3.547184,2.189329,-1.375627,-0.249567,0.281167,0.125040
8.930000,3.446050,2.224806,-1.489359,-0.231100,0.289458,0.131871
8.940000,4.682462,-0.418997,-10.624543,-0.208415,0.269229,0.117353
8.950000,2.773290,2.021451,-2.130180,-0.153690,0.284040,0.120440
8.960000,6.674646,-0.164224,-10.464106,-0.123096,0.267208,0.120439
8.970000,2.743682,1.944612,-2.497695,-0.108786,0.307318,0.134153
8.980000,2.657355,1.955939,-2.753162,-0.046140,0.313880,0.129132
8.990000,2.565909,1.940578,-3.120870,-0.008305,0.316561,0.130313
9.000000,2.509589,2.048283,-2.936762,-0.017142,0.320738,0.145423
9.010000,-4.381025,-0.190389,-9.168607,-0.056459,0.341712,0.178262
9.020000,2.682442,1.968808,-2.474409,-0.087827,0.304195,0.189005
9.030000,2.786589,1.956418,-2.021639,-0.141329,0.293914,0.213569
9.040000,2.845114,1.939347,-1.721422,-0.175937,0.284570,0.232201
9.050000,3.896805,-2.344644,-12.073525,-0.220793,0.265352,0.245952
9.060000,2.824468,1.907393,-1.620312,-0.184461,0.284351,0.251595
9.070000,2.629992,1.898146,-2.233540,-0.110880,0.298668,0.240338
9.080000,2.583133,1.890004,-2.287019,-0.104660,0.309634,0.246513
9.090000,2.455030,1.889604,-2.658870,-0.045131,0.315207,0.238987
9.100000,2.393841,1.889826,-2.760032,-0.036726,0.315838,0.244287
9.110000,2.413673,1.884461,-2.530619,-0.068209,0.312627,0.259297
9.120000,2.468880,1.872874,-2.140188,-0.117598,0.300989,0.278246
9.130000,2.521657,1.854361,-1.751610,-0.165970,0.287523,0.296603
9.140000,2.564805,1.830404,-1.386708,-0.210182,0.284625,0.313589
9.150000,2.567340,1.803548,-1.190167,-0.239028,0.277133,0.326756
9.160000,2.397034,1.793363,-1.746961,-0.171520,0.272624,0.317541
9.170000,1.725248,1.347578,-2.031983,-0.175539,0.264191,0.325155
9.180000,2.258957,1.770113,-1.974910,-0.143452,0.275567,0.324111
9.190000,2.278599,1.751887,-1.679073,-0.180392,0.271503,0.338773
9.200000,2.164258,1.622524,-1.370014,-0.228959,0.264664,0.355850
9.210000,2.367960,1.701657,-0.863397,-0.259565,0.241038,0.368452
9.220000,2.258845,1.609932,-0.793036,-0.268593,0.222666,0.375660
9.230000,2.722515,1.845930,-0.023538,-0.285326,0.207341,0.386021
9.240000,2.662709,1.799514,-0.039273,-0.303978,0.196902,0.396570
9.250000,2.322686,1.684613,-0.914232,-0.268983,0.230795,0.397446
9.260000,2.290288,1.666342,-0.912369,-0.272890,0.226210,0.404823
9.270000,1.763502,1.421382,-1.877128,-0.239511,0.238639,0.405851
9.280000,1.924807,1.512391,-1.614594,-0.250943,0.223575,0.415169
9.290000,2.206147,1.627957,-0.921365,-0.281143,0.206709,0.427366
9.300000,2.089262,1.522720,-0.849795,-0.290412,0.185419,0.435104
9.310000,2.565126,1.762767,-0.035364,-0.315672,0.172399,0.447058
9.320000,2.723154,1.815463,0.297555,-0.360432,0.156774,0.462851
9.330000,2.708065,1.766741,0.382447,-0.387899,0.142609,0.474931
9.340000,2.830491,1.853892,0.644341,-0.405965,0.131420,0.486204
9.350000,3.069487,1.295429,0.089139,-0.428452,0.101458,0.488071
9.360000,2.940050,1.214717,-0.249323,-0.391012,0.115514,0.477837
9.370000,3.092225,1.279084,-0.102958,-0.392069,0.118068,0.475216
9.380000,3.174305,1.285523,0.023850,-0.399948,0.109960,0.473830
9.390000,3.193968,1.242086,0.108825,-0.410081,0.095720,0.472809
9.400000,3.277343,-0.977653,-8.119650,-0.430860,0.081328,0.471900
9.410000,3.625803,1.370779,0.787151,-0.462402,0.074341,0.477145
9.420000,3.868831,1.429606,1.227813,-0.508350,0.055935,0.482754
9.430000,3.345617,1.059655,0.492888,-0.468846,0.047561,0.472406
9.440000,3.179658,0.906856,0.210399,-0.452210,0.047435,0.466538
9.450000,3.160117,2.500093,7.829403,-0.431114,0.053128,0.460012
9.460000,2.976143,0.676487,-0.221061,-0.428147,0.050935,0.456704
9.470000,3.403171,0.851198,0.415085,-0.474452,0.044179,0.462230
9.480000,3.802607,0.992007,1.072698,-0.528814,0.031201,0.468864
9.490000,3.384967,0.628371,0.929442,-0.548459,0.019705,0.469017
9.500000,3.190418,0.397329,0.602005,-0.538295,0.024705,0.464060
9.510000,2.963662,0.209404,0.065602,-0.503019,0.033446,0.454537
9.520000,2.926213,0.160046,-0.345793,-0.467651,0.043096,0.444927
9.530000,2.068121,-1.279511,-8.106258,-0.391447,0.067070,0.426504
9.540000,-3.011707,2.781813,-3.917232,-0.361835,0.136333,0.420204
9.550000,1.780308,-0.589634,-2.952474,-0.349966,0.117856,0.413441
9.560000,1.943012,-1.975234,-10.125362,-0.362328,0.119093,0.409826
9.570000,3.281415,0.144783,-0.330041,-0.425566,0.097134,0.417793
9.580000,3.103675,-0.127800,-0.006171,-0.496681,0.091885,0.425716
9.590000,2.682986,-0.478740,-0.381147,-0.502765,0.102069,0.422155
9.600000,2.807293,-0.318133,-1.293556,-0.433387,0.126526,0.405199
9.610000,1.974551,-0.840994,-2.871494,-0.393633,0.156708,0.393182
9.620000,1.898793,-0.912222,-3.115353,-0.368639,0.179480,0.383309
9.630000,1.863693,-0.959879,-3.265930,-0.356038,0.198468,0.375276
9.640000,-3.350475,2.944025,-3.559691,-0.349097,0.238902,0.368716
9.650000,2.683465,-1.711801,-1.770710,-0.550539,0.088844,0.291490
9.660000,-5.303885,-3.211345,0.847325,-0.578431,0.308667,0.341864
9.670000,2.671996,-1.349677,2.340280,-0.675331,0.240032,0.426911
9.680000,3.938107,-1.904921,-2.357109,-0.665060,0.063713,0.393356
9.690000,2.499863,-1.565350,1.627669,-0.741423,0.133193,0.427462
9.700000,1.269721,-7.176279,-3.761783,-0.700011,0.068895,0.393939
9.710000,2.305294,-1.694491,0.767823,-0.591471,0.151371,0.394850
9.720000,2.167578,-1.693722,0.130186,-0.420815,0.206558,0.364519
9.730000,2.066019,-1.752303,-0.326266,-0.331591,0.231206,0.346578
9.740000,4.136775,-0.049308,-0.590345,-0.357408,0.146622,0.341609
9.750000,4.792036,0.297352,0.986977,-0.413579,0.143822,0.342291
9.760000,2.155171,-1.959693,1.220060,-0.602469,0.287958,0.368832
9.770000,3.274087,-8.054048,-5.786863,-0.640959,0.155319,0.339746
9.780000,-2.322172,-4.266158,-0.365699,-0.762019,0.251635,0.378883
9.790000,-0.892864,-3.587921,-0.115519,-0.679320,0.293527,0.362441
9.800000,5.390405,0.519247,2.134938,-0.623898,0.173688,0.344979
9.810000,1.996045,-2.338111,1.748186,-0.779952,0.346090,0.361873
9.820000,5.424927,0.443011,2.897614,-0.687126,0.276280,0.340308
9.830000,-8.892137,-8.264640,-2.159884,-0.843341,0.560151,0.350943
9.840000,5.225797,0.262314,3.106942,-0.771124,0.555501,0.334059
9.850000,1.266169,-4.116200,-1.085967,-0.943482,0.797811,0.342792
9.860000,5.012829,0.140488,2.695496,-0.914196,0.752987,0.325765
9.870000,4.518556,-2.068955,-0.899587,-1.008336,0.805454,0.278336
9.880000,6.847181,-1.679897,0.606126,-1.028587,0.912545,0.266533
9.890000,1.218607,-2.920331,1.885097,-0.918746,0.981635,0.290192
9.900000,-4.106092,-6.136227,-2.274830,-0.857691,0.952365,0.257376
9.910000,0.966244,-3.004740,1.305984,-0.757036,1.007635,0.260054
9.920000,-21.636526,-19.668146,-10.869780,-0.722641,1.026257,0.248540
9.930000,-8.352696,-8.938629,-5.473128,-0.663722,0.952876,0.210809
9.940000,-3.498555,-7.036262,-3.241806,-0.762295,1.014910,0.228943
9.950000,-6.762962,-8.309611,-0.707532,-0.759129,0.899636,0.194850
9.960000,-5.121009,-5.443361,-2.133083,-0.821675,0.909299,0.182786
9.970000,2.569272,0.307838,25.792740,-2.015260,0.298650,0.497169
9.980000,3.962655,-0.896570,11.955329,-1.379895,0.832041,0.540210
9.990000,3.853645,-1.715803,5.591288,-0.991332,1.137917,0.576779
10.000000,3.147906,-2.987482,-1.062002,-0.601695,1.356487,0.617181
10.010000,3.007144,-3.442953,-1.963522,-0.364621,1.379733,0.806395
10.020000,1.679744,-0.465030,1.785774,-0.220163,1.673341,0.792078
10.030000,1.075046,-0.707028,0.454225,-0.227782,1.717021,0.786236
10.040000,0.873464,-0.439290,0.493693,-0.303019,1.740557,0.776051
10.050000,0.563227,-0.250429,0.525013,-0.412220,1.761252,0.761348
10.060000,0.342741,-0.247348,0.183527,-0.488116,1.773916,0.747861
10.070000,-1.411531,-3.078471,21.717593,-1.392951,2.322171,0.394250
10.080000,-2.221538,-4.590542,8.050582,-0.582433,1.602399,0.490001
10.090000,-3.486812,-4.760439,3.037616,-0.455779,1.286851,0.487317
10.100000,-4.113189,-4.786319,1.349793,-0.444634,1.157870,0.451940
10.110000,-5.173421,-4.632516,0.359173,-0.345606,1.030989,0.462887
10.120000,-3.782954,-5.538930,0.004443,-0.348685,0.862442,0.437305
10.130000,-3.855536,-5.630283,-0.247989,-0.369702,0.814836,0.407332
10.140000,-3.899029,-5.665081,0.137950,-0.336273,0.768416,0.391229
10.150000,-4.035982,-5.255739,1.337278,-0.365466,0.805569,0.394607
10.160000,-3.739940,-6.758522,3.556471,-0.587396,0.381446,0.461222
10.170000,-3.511191,-5.626544,1.797565,-0.439657,0.376505,0.662774
10.180000,-2.683646,-6.150367,-1.644007,-0.154517,0.382267,0.742928
10.190000,-2.536480,-6.311317,-2.428662,0.082935,0.300055,0.814112
10.200000,-2.463681,-6.405169,-2.889234,0.289996,0.228614,0.879932
10.210000,-1.825434,-6.765923,-5.056149,0.372506,0.176366,0.909808
10.220000,-2.743647,-6.223646,-2.180355,0.401620,0.122276,0.930120
10.230000,-3.468015,-5.833677,0.092253,0.318529,0.167083,0.878790
10.240000,-3.889161,-5.701825,1.318111,0.261847,0.251101,0.796343
10.250000,-2.616666,-8.233238,-1.718727,0.344758,0.136550,0.898651
10.260000,-3.487711,-5.809845,-0.292101,0.408897,0.145816,0.928848
10.270000,-3.773992,-5.613695,0.468113,0.388122,0.131364,0.923167
10.280000,-3.119629,-5.952074,-1.569903,0.545752,0.113425,0.981135
10.290000,-2.613863,-6.173203,-3.092036,0.693584,0.077151,1.036871
10.300000,-2.726598,-6.045710,-2.821546,0.763965,0.049013,1.066183
10.310000,-2.938397,1.209080,8.972893,0.686411,1.012017,0.550781
10.320000,-2.048614,-0.583930,3.508992,0.822266,0.841155,0.617353
10.330000,-1.762589,-1.280438,1.143395,0.862230,0.737101,0.644539
10.340000,-3.886900,4.212492,-3.329834,1.380021,0.962961,1.010249
10.350000,-3.066609,-1.647432,-13.691610,1.209512,0.155930,1.056868
10.360000,0.406003,-4.537988,-9.027422,0.801795,0.080907,0.751784
10.370000,-2.215282,-2.960497,-5.668018,0.741986,0.073258,0.712820
10.380000,-2.265604,-2.594004,-4.887423,0.730832,0.079120,0.691048
10.390000,-2.339926,-3.162927,-4.488481,0.642695,0.114346,0.638453
10.400000,-4.090710,-2.464032,-1.763706,0.507605,0.172526,0.565177
10.410000,-5.246845,-2.139049,0.329606,0.453820,0.259264,0.527123
10.420000,-2.932399,-4.703372,5.067259,0.279311,0.158589,0.454019
10.430000,-5.985069,-1.901146,1.804209,0.294347,0.175067,0.443599
10.440000,-4.534780,-2.320529,-0.582146,0.451948,0.162875,0.491117
10.450000,-3.830700,-2.496401,-1.727604,0.564416,0.159385,0.514240
10.460000,-2.707922,-2.774901,-3.570772,0.614420,0.166375,0.505343
10.470000,-2.768507,-2.662204,-3.544072,0.686788,0.174413,0.503794
10.480000,-3.804038,-2.123186,-2.163806,0.678546,0.189798,0.462329
10.490000,-3.378486,-2.383517,-2.355153,0.714455,0.203419,0.438564
10.500000,-4.766340,-1.854069,-0.143958,0.747387,0.229423,0.410771
10.510000,-4.230898,-1.781224,-1.508981,0.806225,0.218309,0.393143
10.520000,-4.083583,-1.767353,-1.748941,0.864642,0.197410,0.373059
10.530000,-6.285779,0.987616,-3.987352,0.946286,0.370435,0.390631
10.540000,-5.528239,-1.489364,-5.483496,0.763880,0.101613,0.339875
10.550000,-5.860055,-1.340311,-5.242629,0.759955,-0.031726,0.333391
10.560000,-3.866564,0.360565,2.161531,0.704182,-0.196001,0.257005
10.570000,-5.455108,-0.944939,0.565025,0.608616,-0.308942,0.245255
10.580000,-5.045622,-1.049356,0.067439,0.581539,-0.366443,0.227845
10.590000,-5.479853,-0.701296,0.547761,0.548888,-0.395206,0.216772
10.600000,-5.631029,-0.509392,0.762165,0.527150,-0.416878,0.202599
10.610000,-4.980306,-0.819997,-0.013660,0.498704,-0.417196,0.176917
10.620000,-7.669863,-1.697907,-0.292114,0.650380,-0.407941,0.218938
10.630000,-10.833540,-3.783665,1.006136,0.652557,-0.418537,0.222868
10.640000,2.938143,5.159916,-4.781279,1.046556,1.045785,0.350086
10.650000,-0.550145,3.496345,-6.402843,0.613694,-0.338641,0.196284
10.660000,-0.928925,2.611367,-5.836216,0.358685,-1.020170,0.090741
10.670000,-2.726307,1.996203,-7.194818,0.205975,-1.397790,0.019602
10.680000,-3.134613,1.948824,-6.666416,0.060640,-1.644457,-0.047426
10.690000,-3.855015,2.561644,-4.816729,-0.034432,-1.812745,-0.093944
10.700000,-3.781064,2.364237,-4.964341,-0.151639,-1.933101,-0.146403
10.710000,-3.545565,2.102566,-5.277899,-0.321534,-2.029409,-0.214333
10.720000,-3.406964,1.956589,-5.261997,-0.501400,-2.099954,-0.282563
10.730000,-3.404767,2.082737,-4.666740,-0.603896,-2.167741,-0.323065
10.740000,-0.608268,3.021941,10.659208,-1.466587,-1.376569,-0.173189
10.750000,-2.782892,1.311340,6.624818,-1.266413,-1.465805,-0.103677
10.760000,-2.749426,-1.318223,7.311846,-1.419054,-1.491331,0.174573
10.770000,-2.107678,-4.705844,2.363890,-1.159017,-1.332837,0.274844
10.780000,-1.458609,-5.096153,0.405754,-0.856109,-1.236218,0.342517
10.790000,-1.125705,-5.297582,-0.547561,-0.605225,-1.190006,0.396083
10.800000,-1.039970,-5.435863,-1.456056,-0.387653,-1.143741,0.481097
10.810000,-0.949269,-5.531156,-2.293890,-0.203208,-1.105412,0.570973
10.820000,-1.047869,-5.289885,-0.726113,-0.171549,-1.072684,0.621931
10.830000,-26.264989,8.734545,28.876601,0.088571,-0.624371,0.316740
10.840000,-2.071781,-0.907364,1.112539,0.204561,-0.542232,0.324197
10.850000,-0.683814,3.454540,-1.082499,0.419321,0.055454,0.300504
10.860000,-2.538749,1.832059,-4.766630,0.297676,-0.264469,0.266511
10.870000,-1.219605,-2.434855,-2.745134,-0.033053,-0.416062,0.256816
10.880000,-1.245179,-2.544380,-2.576142,-0.052571,-0.571334,0.255731
10.890000,-0.982735,-1.780555,-0.315892,-0.061182,-0.656363,0.255955
10.900000,-1.205607,-2.740988,-2.791292,-0.042197,-0.724463,0.259058
10.910000,-1.193994,-2.896455,-3.210675,-0.007558,-0.756697,0.263327
10.920000,-1.143696,-2.933564,-3.389352,0.021642,-0.756794,0.266577
10.930000,-0.968706,-2.643523,-2.752173,0.018418,-0.726338,0.266887
10.940000,-0.764746,-2.295278,-2.003841,0.103012,-0.682728,0.273220
10.950000,-3.900991,-1.549298,-0.360755,0.201086,-0.622251,0.279294
10.960000,-5.561549,-0.330254,-1.442587,0.368951,-0.382540,0.273988
10.970000,5.974454,-0.864320,0.031460,0.549292,-0.419715,0.289199
10.980000,-0.013049,-2.767000,-0.315331,0.715405,-0.631415,0.300121
10.990000,0.134468,-2.733104,-1.549266,0.768953,-0.756299,0.303090
11.000000,0.072858,-2.525518,-1.308407,0.852428,-0.836093,0.302014
11.010000,4.656156,-2.291670,-3.840951,0.943769,-0.824466,0.291577
11.020000,-0.769272,-2.608985,-3.666601,0.852935,-0.837697,0.284093
11.030000,2.953229,-1.329070,-1.606249,0.614077,-0.811230,0.274296
11.040000,-10.378578,-1.246837,-0.240922,0.629048,-0.731395,0.272024
11.050000,-2.806494,-4.613873,-3.454309,0.355393,-0.477723,0.304195
11.060000,-3.055232,-4.625893,-2.976201,0.373831,-0.455618,0.364867
11.070000,-3.099095,-4.866751,-3.144453,0.347000,-0.378809,0.437054
11.080000,0.768117,-1.971609,0.215480,0.400446,-0.362763,0.483813
11.090000,-0.145674,-1.344289,0.234420,0.513362,-0.441379,0.474818
11.100000,-0.532270,-1.085971,-0.205827,0.627061,-0.443668,0.465060
11.110000,-0.950810,-1.546414,-1.269368,0.704851,-0.387680,0.455115
11.120000,0.056036,-1.943764,-1.118782,0.628575,-0.305033,0.450539
11.130000,-0.130127,-1.464875,-1.234123,0.635657,-0.257304,0.451842
11.140000,-0.121518,-0.779987,-1.779507,0.647879,-0.176302,0.440253
11.150000,-3.539384,3.312332,3.362850,0.584535,-0.069390,0.351881
11.160000,-0.466668,-1.264921,-4.277500,0.658353,-0.044728,0.263409
11.170000,0.265146,-1.820772,-3.274912,0.359949,-0.144805,0.278108
11.180000,-0.024829,-0.400550,-0.077408,0.136417,-0.156310,0.290574
11.190000,0.650948,-0.175006,0.332942,0.041345,-0.159256,0.296971
11.200000,0.567826,-0.246863,0.150785,0.038041,-0.153110,0.299587
11.210000,0.718558,-0.223167,0.177108,0.040506,-0.131257,0.302167
11.220000,1.008265,-0.378409,-0.255219,0.046882,-0.108832,0.305444
11.230000,0.015960,-0.751114,-0.706983,0.070869,-0.101428,0.305018
11.240000,0.020816,-0.962691,-1.351744,0.111546,-0.036874,0.305469
11.250000,0.457658,-0.961764,-1.470675,0.129081,-0.007413,0.307488
11.260000,0.553558,-0.875980,-1.325330,0.133434,-0.000905,0.310273
11.270000,-5.175694,8.940805,9.856521,0.307117,0.041305,0.302634
11.280000,-8.570755,0.567344,1.401920,0.068195,-0.006458,0.318056
11.290000,0.594259,0.341621,0.831776,-0.050287,0.002318,0.326945
11.300000,0.538546,0.245007,0.818700,-0.164192,-0.036064,0.335453
11.310000,1.113397,0.867627,2.225102,-0.247772,-0.038104,0.342254
11.320000,1.216111,0.947511,2.452836,-0.237601,-0.040207,0.344223
11.330000,0.606927,0.235027,0.834607,-0.143737,-0.032328,0.342057
11.340000,-0.047671,-0.505065,-0.993957,-0.034568,0.005082,0.339190
11.350000,1.255301,0.932951,2.242745,-0.175723,0.008789,0.348521
11.360000,1.599962,1.261302,3.186360,-0.223854,-0.034812,0.353048
11.370000,1.025458,0.580010,1.699312,-0.151759,-0.041493,0.351868
11.380000,-0.399556,-2.977083,-1.009585,-0.250344,0.147335,0.340474
11.390000,-1.153867,-3.410375,-1.687436,-0.165859,0.079612,0.388302
11.400000,1.618014,-1.553625,0.978367,-0.179224,0.003470,0.440270
11.410000,1.505374,-1.521585,0.746694,-0.166581,-0.005917,0.439409
11.420000,0.205277,-0.451587,0.881213,-0.025995,-0.022906,0.433037
11.430000,0.131963,-0.467867,-0.938798,0.037015,-0.019590,0.430049
11.440000,0.131716,-0.479002,-1.062609,0.053460,-0.016171,0.429053
11.450000,0.118036,-0.487621,-1.467789,0.102426,-0.012469,0.426560
11.460000,0.053103,1.128431,0.922827,0.014453,-0.000221,0.429100
11.470000,0.134069,1.532074,2.157293,-0.044432,-0.000467,0.432132
11.480000,4.995357,-7.919382,-9.396309,-0.199310,-0.003691,0.415558
11.490000,0.650364,-1.019208,0.929102,-0.283663,-0.006101,0.441379
11.500000,0.274744,-0.724187,0.337471,-0.138862,-0.068862,0.434652
11.510000,0.309381,-0.777978,-0.223714,-0.045037,-0.033760,0.424201
11.520000,-0.035633,-1.267180,-2.152149,0.020470,-0.008689,0.422841
11.530000,0.919782,-0.807225,1.318007,-0.023964,-0.011385,0.425283
11.540000,0.301189,-1.527946,-0.698951,0.033024,-0.035370,0.420286
11.550000,0.020356,-1.954597,-2.055363,0.118137,-0.015072,0.414911
11.560000,-0.050817,-1.998502,-2.368054,0.166672,-0.002828,0.410652
11.570000,0.155421,-1.894582,-2.374697,0.204053,-0.004293,0.406472
11.580000,0.119797,-1.790938,-1.768859,0.154513,-0.022218,0.406205
11.590000,0.548023,-1.163866,0.130806,0.044610,-0.047713,0.408406
11.600000,0.403564,-1.330934,-0.318179,0.062419,-0.050294,0.405187
11.610000,0.288905,-1.570469,-1.119068,0.106614,-0.031829,0.400655
11.620000,0.497344,-1.367983,-0.607090,0.082202,-0.025967,0.399028
11.630000,0.512612,-1.356821,-0.588862,0.078424,-0.026122,0.396532
11.640000,0.361191,-1.425472,-0.991411,0.104905,-0.014159,0.392637
11.650000,0.581210,-1.404834,-1.196670,0.121384,-0.009222,0.389188
11.660000,0.518315,-1.621217,-1.973420,0.161830,-0.001095,0.384628
11.670000,0.480661,-1.754714,-2.501243,0.188920,0.006521,0.380600
11.680000,0.504929,-1.723123,-2.512219,0.187596,0.011854,0.377822
11.690000,0.518439,-1.700339,-2.548193,0.186591,0.017721,0.375010
11.700000,0.568481,-1.577282,-2.267749,0.168096,0.022351,0.373034
11.710000,0.551104,-1.598974,-2.430319,0.171510,0.029226,0.370013
11.720000,0.566284,-1.530854,-2.307514,0.158751,0.034552,0.367784
11.730000,0.243636,-0.360948,-0.382787,0.109867,0.035714,0.367387
11.740000,0.184161,-0.818293,0.206607,0.047333,0.147298,0.365978
11.750000,0.299464,-0.972001,-0.237502,0.072246,0.064493,0.361859
11.760000,0.340822,-1.014379,-0.299779,0.073517,0.010523,0.359012
11.770000,-0.024205,-0.584576,0.026170,0.093905,-0.005762,0.355321
11.780000,-0.026059,-0.567729,-0.085848,0.101419,-0.018698,0.352383
11.790000,-0.023392,-0.549052,-0.165557,0.106326,-0.031290,0.349697
11.800000,-0.011497,-0.529309,-0.106473,0.096142,-0.037350,0.347878
11.810000,0.008109,-0.511819,0.074323,0.069003,-0.041352,0.347023
11.820000,-2.827735,4.701889,-0.017833,0.578804,0.361679,0.338842
11.830000,-0.423674,-0.452316,-3.933507,0.301813,0.123241,0.353681
11.840000,-0.351208,-0.398467,-1.942888,0.107587,0.009131,0.364017
11.850000,0.341426,0.158152,0.034473,0.049662,-0.054966,0.368494
11.860000,0.662493,0.421784,0.907193,0.026407,-0.044464,0.371652
11.870000,0.538170,0.340661,0.701462,0.031818,-0.037608,0.373704
11.880000,0.235280,0.130013,0.001966,0.047437,-0.029434,0.375470
11.890000,0.261209,0.172093,-0.010487,0.046035,-0.019997,0.378174
11.900000,0.275776,0.202533,-0.023116,0.044391,-0.020636,0.381051
11.910000,0.269177,0.213047,-0.035690,0.042562,-0.024675,0.384087
11.920000,-0.351745,-0.227601,-1.221623,0.052564,-0.025160,0.386718
11.930000,-0.322942,-0.206536,-1.062878,0.047942,-0.029339,0.390149
11.940000,-0.180266,-0.093395,-0.759133,0.038359,-0.033423,0.393913
11.950000,0.208716,0.180419,0.223012,0.032901,-0.071300,0.397558
11.960000,0.979047,0.256735,0.890676,-0.005187,-0.096591,0.392139
11.970000,1.002594,0.272806,0.933281,-0.020866,-0.094782,0.385772
11.980000,0.898448,-0.105550,0.090282,-0.002046,-0.104380,0.377686
11.990000,0.822135,-0.248253,-0.266281,-0.010049,-0.113153,0.370680
12.000000,0.720727,-0.261526,-0.294419,-0.019110,-0.122850,0.363561
12.010000,0.692586,-0.269292,-0.313276,-0.028884,-0.129497,0.356266
12.020000,0.465033,0.160872,0.734752,-0.036857,-0.160943,0.346471
12.030000,1.014015,0.257848,0.945820,-0.060882,-0.152139,0.343773
12.040000,-0.027438,-1.391036,-0.733628,-0.104850,-0.110054,0.337458
12.050000,0.417227,-1.872690,-1.016136,-0.100826,-0.133350,0.328042
12.060000,0.506033,-1.944045,-0.678689,-0.115337,-0.077862,0.320369
12.070000,0.553330,-1.984144,-0.538212,-0.103820,-0.063830,0.311200
12.080000,0.560690,-1.988193,-0.514422,-0.078983,-0.057166,0.301145
12.090000,0.586306,-2.016221,-0.618354,-0.047156,-0.051184,0.290537
12.100000,0.554697,-1.972930,-0.552907,-0.020273,-0.044691,0.280018
12.110000,0.455989,-1.784837,-0.029300,-0.013626,-0.042821,0.270425
12.120000,0.504324,-1.884036,-0.221363,0.002864,-0.032642,0.260090
12.130000,0.141275,-1.425328,1.036646,-0.032982,-0.047037,0.252545
12.140000,0.060141,-1.309266,1.502061,-0.049805,-0.037079,0.243791
12.150000,0.504707,-1.828225,0.600380,-0.036440,0.001851,0.233055
12.160000,0.537014,-1.875265,0.407231,-0.013884,0.008568,0.221758
12.170000,0.489401,-2.279397,-0.331231,0.016198,0.014278,0.209467
12.180000,-1.769681,6.726254,5.236234,0.149750,0.187679,0.176043
12.190000,0.283154,-1.748618,-1.931289,0.027137,-0.038479,0.186066
12.200000,0.387090,-1.746051,0.037481,-0.045550,-0.036532,0.179067
12.210000,0.414067,-1.758748,0.319109,-0.075910,-0.036256,0.169791
12.220000,0.425375,-1.770409,0.329099,-0.074770,-0.032667,0.158814
12.230000,0.434165,-1.780681,0.310084,-0.069973,-0.030711,0.147576
12.240000,0.439344,-1.788566,0.271455,-0.063043,-0.028751,0.136163
12.250000,0.444604,-1.796464,0.202035,-0.053066,-0.026799,0.124539
12.260000,0.441824,-1.794118,0.063517,-0.035697,-0.019515,0.112489
12.270000,-0.095750,-1.189983,0.976380,-0.027922,-0.021512,0.100892
12.280000,0.450582,-1.805756,-0.000817,-0.021330,-0.016374,0.089327
12.290000,0.455382,-1.806787,0.013325,-0.020074,-0.015868,0.078002
12.300000,0.464392,-1.808756,0.116680,-0.032506,-0.014646,0.067341
12.310000,0.494173,-1.820147,0.681807,-0.099689,-0.015682,0.059362
12.320000,0.592904,-1.277550,1.806749,-0.139599,0.019307,0.043816
12.330000,0.922633,-1.892202,0.458782,-0.094766,0.033124,0.033370
12.340000,-5.122694,0.630907,7.907403,-0.096347,0.044135,0.025229
12.350000,0.910102,-1.914114,0.445503,-0.086659,0.053650,0.016492
12.360000,0.430346,-1.307785,1.210018,-0.084738,0.066611,0.015949
12.370000,0.554460,-1.561481,0.662942,-0.064768,0.056297,0.014559
12.380000,-1.740234,-2.969738,-1.121504,-0.132154,0.081488,0.017223
12.390000,0.543596,-1.587617,0.966296,-0.108556,0.078484,0.015644
12.400000,0.525666,-1.600441,0.852060,-0.097983,0.076024,0.014678
12.410000,0.498691,-1.608549,0.558796,-0.065768,0.084888,0.012763
12.420000,0.361419,-1.430318,0.549712,-0.035243,0.113926,0.010956
12.430000,0.435414,-1.614055,-0.093685,-0.006722,0.131684,0.009310
12.440000,0.415311,-1.612294,-0.092781,-0.006192,0.147539,0.008847
12.450000,0.393901,-1.611898,-0.091616,-0.005854,0.149714,0.008412
12.460000,0.371826,-1.607656,-0.090679,-0.005325,0.159401,0.007963
12.470000,0.368256,-1.609878,0.292499,-0.005025,0.124024,0.007554
12.480000,0.339660,-1.611036,-0.089702,-0.004665,0.113564,0.007146
12.490000,0.207057,-1.383403,0.989049,-0.052082,0.110806,0.008274
12.500000,0.208313,-1.416757,0.945052,-0.055588,0.116414,0.007954
12.510000,0.311170,-1.625238,0.495081,-0.042090,0.120735,0.007140
12.520000,0.255344,-1.573948,0.362133,-0.020142,0.127451,0.006120
12.530000,0.257534,-1.625977,-0.090692,-0.003027,0.147273,0.005300
12.540000,0.250341,-1.626075,0.235844,-0.004999,0.130611,0.005009
12.550000,0.226525,-1.626890,-0.090258,-0.002450,0.125708,0.004628
12.560000,0.208681,-1.620770,-0.089421,-0.002216,0.125151,0.004310
12.570000,0.178080,-1.621733,-0.851869,0.010730,0.127929,0.003741
12.580000,0.128247,-1.559761,-0.660758,0.011163,0.131206,0.003460
12.590000,0.114145,-1.556373,-0.619084,0.021442,0.129997,0.003006
12.600000,0.121528,-1.591356,-0.857416,0.047800,0.137202,0.002351
12.610000,0.110173,-1.589799,-0.841085,0.052246,0.135865,0.002104
12.620000,0.091977,-1.575574,-0.724700,0.045388,0.130326,0.002022
12.630000,0.065816,-1.549736,-0.687212,0.048431,0.121118,0.001812
12.640000,0.044711,-1.531424,-0.760961,0.062507,0.115491,0.001508
12.650000,0.066419,-1.568892,-0.553581,0.034921,0.077803,0.001590
12.660000,0.059388,-1.563507,-0.535292,0.036267,0.059330,0.001389
12.670000,0.052915,-1.557296,-0.613894,0.048174,0.047979,0.001110
12.680000,0.047636,-1.550282,-0.642483,0.053487,0.041169,0.000893
12.690000,0.043467,-1.543900,-0.539809,0.042893,0.039109,0.000795
12.700000,0.039005,-1.536602,-0.528109,0.042925,0.035289,0.000639
12.710000,0.034671,-1.530569,-0.560533,0.047748,0.031838,0.000442
12.720000,0.030754,-1.524013,-0.598622,0.053043,0.027867,0.000248
12.730000,0.027563,-1.517146,-0.608885,0.054951,0.022853,0.000076
12.740000,0.021325,-1.504377,-0.615925,0.057193,0.018812,-0.000102
12.750000,0.018974,-1.497200,-0.626883,0.058854,0.015394,-0.000284
12.760000,-0.008037,-0.533626,-0.012090,0.106892,0.012692,-0.000507
12.770000,-0.104668,-0.613567,-0.404992,0.123042,0.014743,-0.000697
12.780000,-0.185995,-0.677726,-0.642454,0.125795,0.011547,-0.000803
12.790000,-0.178847,-0.657410,-0.555517,0.110276,0.001276,-0.000903
12.800000,0.484355,0.018253,-0.149970,0.117442,0.004271,-0.000302
12.810000,0.020604,-0.441338,-0.372759,0.075393,0.002223,-0.000326
12.820000,0.437081,-0.130973,0.281541,0.052885,-0.002308,-0.000321
12.830000,0.014618,-0.439355,-0.242036,0.044886,0.000058,-0.000191
12.840000,0.183618,-0.252560,0.014912,0.035376,0.001310,-0.000101
12.850000,0.013916,-0.434817,-0.071436,0.019961,-0.001447,-0.000150
12.860000,0.116708,-0.328223,0.011017,0.020020,-0.004748,-0.000091
12.870000,0.407061,-0.002323,0.505021,0.012149,-0.003037,-0.000109
12.880000,0.847128,0.482243,1.077171,0.012206,-0.007193,-0.000064
12.890000,-0.128629,-0.581226,0.054432,0.003195,-0.007511,-0.000150
12.900000,-0.193292,-0.646773,0.078283,0.004850,-0.020982,-0.000233
12.910000,0.509303,-0.191541,0.384001,0.006753,-0.040671,-0.000232
12.920000,0.454668,-0.198617,0.323388,0.006146,-0.052325,-0.000215
12.930000,-0.133517,-0.614994,0.071372,0.004459,-0.061151,-0.000220
12.940000,-0.224454,-0.708028,0.103659,0.006173,-0.066487,-0.000318
12.950000,-0.215334,-0.709228,0.105127,0.007575,-0.074077,-0.000399
12.960000,0.018064,-0.495970,-0.446395,0.016056,-0.084535,-0.000167
12.970000,-0.021002,-0.541853,0.045429,0.002755,-0.064171,-0.000146
12.980000,-0.060686,-0.587659,0.062509,0.003735,-0.062168,-0.000204
12.990000,-0.074397,-0.609047,0.070619,0.004377,-0.065699,-0.000245
13.000000,-0.101780,-0.645863,0.085312,0.004360,-0.077429,-0.000249
13.010000,-0.108277,-0.664040,0.092972,0.006391,-0.089577,-0.000374
13.020000,-0.102981,-0.671753,0.096774,0.009214,-0.100200,-0.000553
13.030000,-0.106391,-0.688727,0.104600,0.009557,-0.108376,-0.000587
13.040000,-0.105788,-0.702576,0.111282,0.010083,-0.115340,-0.000635
13.050000,-0.092552,-0.707510,0.117208,0.010910,-0.120145,-0.000704
13.060000,0.394625,-0.228633,-0.270008,0.021674,-0.147239,-0.000557
13.070000,0.038969,-0.604872,0.080590,0.004038,-0.111323,-0.000273
13.080000,0.021988,-0.634595,0.090816,0.005923,-0.102429,-0.000409
