0.000000,0.005864,0.005950,-0.010004,0.000000,0.000000,-0.000000
0.010000,0.005864,0.005950,-0.010004,0.000000,0.000000,-0.000000
0.020000,0.005864,0.005950,-0.010004,0.000000,0.000000,-0.000000
0.030000,0.005864,0.005950,-0.010004,0.000000,0.000000,-0.000000
0.040000,0.005864,0.005950,-0.010004,0.000000,0.000000,-0.000000
0.050000,0.005864,0.005950,-0.010004,0.000000,0.000000,-0.000000
0.060000,0.005864,0.005950,-0.010004,0.000000,0.000000,-0.000000
0.070000,0.005864,0.005950,-0.010004,0.000000,0.000000,-0.000000
0.080000,0.005864,0.005950,-0.010004,0.000000,0.000000,-0.000000
0.090000,0.005864,0.005950,-0.010004,0.000000,0.000000,-0.000000
0.100000,0.005864,0.005950,-0.010004,0.000000,0.000000,-0.000000
0.110000,0.005864,0.005950,-0.010004,0.000000,0.000000,-0.000000
0.120000,0.005864,0.005950,-0.010004,0.000000,0.000000,-0.000000
0.130000,0.005864,0.005950,-0.010004,0.000000,0.000000,-0.000000
0.140000,0.005864,0.005950,-0.010004,0.000000,0.000000,-0.000000
0.150000,0.005864,0.005950,-0.010004,0.000000,-0.000000,-0.000000
0.160000,0.005864,0.005950,-0.010004,-0.000000,-0.000000,-0.000000
0.170000,0.005864,0.005950,-0.010004,-0.000000,-0.000000,-0.000000
0.180000,0.005864,0.005950,-0.010004,-0.000000,-0.000000,0.000000
0.190000,0.005864,0.005950,-0.010004,-0.000000,-0.000000,0.000000
0.200000,0.005864,0.005950,-0.010004,-0.000000,-0.000000,0.000000
0.210000,0.005864,0.005950,-0.010004,-0.000000,-0.000000,0.000000
0.220000,0.005864,0.005950,-0.010004,-0.000000,-0.000000,0.000000
0.230000,0.005864,0.005950,-0.010004,-0.000000,-0.000000,0.000000
0.240000,0.005864,0.005950,-0.010004,-0.000000,-0.000000,0.000000
0.250000,0.005864,0.005950,-0.010004,-0.000000,-0.000000,0.000000
0.260000,0.005864,0.005950,-0.010004,-0.000000,-0.000000,0.000000
0.270000,0.005864,0.005950,-0.010004,-0.000000,-0.000000,0.000000
0.280000,0.005864,0.005950,-0.010004,-0.000000,-0.000000,0.000000
0.290000,0.005864,0.005950,-0.010004,-0.000000,-0.000000,0.000000
0.300000,0.005864,0.005950,-0.010004,-0.000000,-0.000000,0.000000
0.310000,0.005864,0.005950,-0.010004,-0.000000,-0.000000,0.000000
0.320000,0.005864,0.005950,-0.010004,-0.000000,-0.000000,0.000000
0.330000,0.005864,0.005950,-0.010004,-0.000000,-0.000000,0.000000
0.340000,0.005864,0.005950,-0.010004,-0.000000,-0.000000,0.000000
0.350000,0.005864,0.005950,-0.010004,0.000000,0.000000,0.000000
0.360000,0.005864,0.005950,-0.010004,0.000000,0.000000,0.000000
0.370000,0.005864,0.005950,-0.010004,0.000000,0.000000,-0.000000
0.380000,0.005864,0.005950,-0.010004,0.000000,0.000000,-0.000000
0.390000,0.005864,0.005950,-0.010004,0.000000,0.000000,-0.000000
0.400000,0.005864,0.005950,-0.010004,0.000000,0.000000,-0.000000
0.410000,0.005864,0.005950,-0.010004,0.000000,0.000000,-0.000000
0.420000,0.005864,0.005950,-0.010004,0.000000,0.000000,-0.000000
0.430000,0.005864,0.005950,-0.010004,0.000000,0.000000,-0.000000
0.440000,0.005864,0.005950,-0.010004,0.000000,0.000000,-0.000000
0.450000,0.005864,0.005950,-0.010004,0.000000,0.000000,-0.000000
0.460000,0.005864,0.005950,-0.010004,0.000000,0.000000,-0.000000
0.470000,0.005864,0.005950,-0.010004,0.000000,0.000000,-0.000000
0.480000,0.005864,0.005950,-0.010004,0.000000,0.000000,-0.000000
0.490000,0.005864,0.005950,-0.010004,0.000000,0.000000,-0.000000
0.500000,0.005864,0.005950,-0.010004,0.000000,0.000000,-0.000000
0.510000,0.005864,0.005950,-0.010004,0.000000,0.000000,-0.000000
0.520000,0.005864,0.005950,-0.010004,0.000000,0.000000,-0.000000
0.530000,0.005864,0.005950,-0.010004,0.000000,0.000000,-0.000000
0.540000,0.005864,0.005950,-0.010004,-0.000000,-0.000000,-0.000000
0.550000,0.005864,0.005950,-0.010004,-0.000000,-0.000000,-0.000000
0.560000,0.005864,0.005950,-0.010004,-0.000000,-0.000000,0.000000
0.570000,0.005864,0.005950,-0.010004,-0.000000,-0.000000,0.000000
0.580000,0.005864,0.005950,-0.010004,-0.000000,-0.000000,0.000000
0.590000,0.005864,0.005950,-0.010004,-0.000000,-0.000000,0.000000
0.600000,0.005864,0.005950,-0.010004,-0.000000,-0.000000,0.000000
0.610000,0.005864,0.005950,-0.010004,-0.000000,-0.000000,0.000000
0.620000,0.005864,0.005950,-0.010004,-0.000000,-0.000000,0.000000
0.630000,0.005864,0.005950,-0.010004,-0.000000,-0.000000,0.000000
0.640000,0.005864,0.005950,-0.010004,-0.000000,-0.000000,0.000000
0.650000,0.005864,0.005950,-0.010004,-0.000000,-0.000000,0.000000
0.660000,0.005864,0.005950,-0.010004,-0.000000,-0.000000,0.000000
0.670000,0.005864,0.005950,-0.010004,-0.000000,-0.000000,0.000000
0.680000,0.005864,0.005950,-0.010004,-0.000000,-0.000000,0.000000
0.690000,0.005864,0.005950,-0.010004,-0.000000,-0.000000,0.000000
0.700000,0.005864,0.005950,-0.010004,-0.000000,-0.000000,0.000000
0.710000,0.005864,0.005950,-0.010004,-0.000000,-0.000000,0.000000
0.720000,0.005864,0.005950,-0.010004,0.000000,-0.000000,0.000000
0.730000,0.005864,0.005950,-0.010004,0.000000,0.000000,0.000000
0.740000,0.005864,0.005950,-0.010004,0.000000,0.000000,-0.000000
0.750000,0.005864,0.005950,-0.010004,0.000000,0.000000,-0.000000
0.760000,0.005864,0.005950,-0.010004,0.000000,0.000000,-0.000000
0.770000,0.005864,0.005950,-0.010004,0.000000,0.000000,-0.000000
0.780000,0.005864,0.005950,-0.010004,0.000000,0.000000,-0.000000
0.790000,0.005864,0.005950,-0.010004,0.000000,0.000000,-0.000000
0.800000,0.005864,0.005950,-0.010004,0.000000,0.000000,-0.000000
0.810000,0.005864,0.005950,-0.010004,0.000000,0.000000,-0.000000
0.820000,0.005864,0.005950,-0.010004,0.000000,0.000000,-0.000000
0.830000,0.005864,0.005950,-0.010004,0.000000,0.000000,-0.000000
0.840000,0.005864,0.005950,-0.010004,0.000000,0.000000,-0.000000
0.850000,0.005864,0.005950,-0.010004,0.000000,0.000000,-0.000000
0.860000,0.005864,0.005950,-0.010004,0.000000,0.000000,-0.000000
0.870000,0.005864,0.005950,-0.010004,0.000000,0.000000,-0.000000
0.880000,0.005864,0.005950,-0.010004,0.000000,0.000000,-0.000000
0.890000,0.005864,0.005950,-0.010004,0.000000,0.000000,-0.000000
0.900000,0.005864,0.005950,-0.010004,0.000000,0.000000,-0.000000
0.910000,0.005864,0.005950,-0.010004,0.000000,0.000000,-0.000000
0.920000,0.005864,0.005950,-0.010004,0.000000,0.000000,-0.000000
0.930000,0.005864,0.005950,-0.010004,-0.000000,-0.000000,-0.000000
0.940000,0.005864,0.005950,-0.010004,-0.000000,-0.000000,0.000000
0.950000,0.005864,0.005950,-0.010004,-0.000000,-0.000000,0.000000
0.960000,0.005864,0.005950,-0.010004,-0.000000,-0.000000,0.000000
0.970000,0.005864,0.005950,-0.010004,-0.000000,-0.000000,0.000000
0.980000,0.005864,0.005950,-0.010004,-0.000000,-0.000000,0.000000
0.990000,0.005864,0.005950,-0.010004,-0.000000,-0.000000,0.000000
1.000000,0.005864,0.005950,-0.010004,-0.000000,-0.000000,0.000000
1.010000,0.005864,0.005950,-0.010004,-0.000000,-0.000000,0.000000
1.020000,0.005864,0.005950,-0.010004,-0.000000,-0.000000,0.000000
1.030000,0.005864,0.005950,-0.010004,-0.000000,-0.000000,0.000000
1.040000,0.005864,0.005950,-0.010004,-0.000000,-0.000000,0.000000
1.050000,0.005864,0.005950,-0.010004,-0.000000,-0.000000,0.000000
1.060000,0.005864,0.005950,-0.010004,-0.000000,-0.000000,0.000000
1.070000,0.005864,0.005950,-0.010004,-0.000000,-0.000000,0.000000
1.080000,0.005864,0.005950,-0.010004,-0.000000,-0.000000,0.000000
1.090000,0.005864,0.005950,-0.010004,-0.000000,-0.000000,0.000000
1.100000,0.005864,0.005950,-0.010004,0.000000,-0.000000,0.000000
1.110000,0.005864,0.005950,-0.010004,0.000000,0.000000,0.000000
1.120000,0.005864,0.005950,-0.010004,0.000000,0.000000,-0.000000
1.130000,0.005864,0.005950,-0.010004,0.000000,0.000000,-0.000000
1.140000,0.005864,0.005950,-0.010004,0.000000,0.000000,-0.000000
1.150000,0.005864,0.005950,-0.010004,0.000000,0.000000,-0.000000
1.160000,0.005864,0.005950,-0.010004,0.000000,0.000000,-0.000000
1.170000,0.005864,0.005950,-0.010004,0.000000,0.000000,-0.000000
1.180000,0.005864,0.005950,-0.010004,0.000000,0.000000,-0.000000
1.190000,0.005864,0.005950,-0.010004,0.000000,0.000000,-0.000000
1.200000,0.005864,0.005950,-0.010004,0.000000,0.000000,-0.000000
1.210000,0.005864,0.005950,-0.010004,0.000000,0.000000,-0.000000
1.220000,0.005864,0.005950,-0.010004,0.000000,0.000000,-0.000000
1.230000,0.005864,0.005950,-0.010004,0.000000,0.000000,-0.000000
1.240000,0.005864,0.005950,-0.010004,0.000000,0.000000,-0.000000
1.250000,0.005864,0.005950,-0.010004,0.000000,0.000000,-0.000000
1.260000,0.005864,0.005950,-0.010004,0.000000,0.000000,-0.000000
1.270000,0.005864,0.005950,-0.010004,0.000000,0.000000,-0.000000
1.280000,0.005864,0.005950,-0.010004,0.000000,0.000000,-0.000000
1.290000,0.005864,0.005950,-0.010004,0.000000,0.000000,-0.000000
1.300000,0.005864,0.005950,-0.010004,0.000000,0.000000,-0.000000
1.310000,0.005864,0.005950,-0.010004,-0.000000,-0.000000,-0.000000
1.320000,0.005864,0.005950,-0.010004,-0.000000,-0.000000,0.000000
1.330000,0.005864,0.005950,-0.010004,-0.000000,-0.000000,0.000000
1.340000,0.005864,0.005950,-0.010004,-0.000000,-0.000000,0.000000
1.350000,0.005864,0.005950,-0.010004,-0.000000,-0.000000,0.000000
1.360000,0.005864,0.005950,-0.010004,-0.000000,-0.000000,0.000000
1.370000,0.005864,0.005950,-0.010004,-0.000000,-0.000000,0.000000
1.380000,0.005864,0.005950,-0.010004,-0.000000,-0.000000,0.000000
1.390000,0.005864,0.005950,-0.010004,-0.000000,-0.000000,0.000000
1.400000,0.005864,0.005950,-0.010004,-0.000000,-0.000000,0.000000
1.410000,0.005864,0.005950,-0.010004,-0.000000,-0.000000,0.000000
1.420000,0.005864,0.005950,-0.010004,-0.000000,-0.000000,0.000000
1.430000,0.005864,0.005950,-0.010004,-0.000000,-0.000000,0.000000
1.440000,0.005864,0.005950,-0.010004,-0.000000,-0.000000,0.000000
1.450000,0.005864,0.005950,-0.010004,-0.000000,-0.000000,0.000000
1.460000,0.005864,0.005950,-0.010004,-0.000000,-0.000000,0.000000
1.470000,0.005864,0.005950,-0.010004,-0.000000,-0.000000,0.000000
1.480000,0.005864,0.005950,-0.010004,0.000000,-0.000000,0.000000
1.490000,0.005864,0.005950,-0.010004,0.000000,0.000000,0.000000
1.500000,0.005864,0.005950,-0.010004,0.000000,0.000000,-0.000000
1.510000,0.005864,0.005950,-0.010004,0.000000,0.000000,-0.000000
1.520000,0.005864,0.005950,-0.010004,0.000000,0.000000,-0.000000
1.530000,0.005864,0.005950,-0.010004,0.000000,0.000000,-0.000000
1.540000,0.005864,0.005950,-0.010004,0.000000,0.000000,-0.000000
1.550000,0.005864,0.005950,-0.010004,0.000000,0.000000,-0.000000
1.560000,0.005864,0.005950,-0.010004,0.000000,0.000000,-0.000000
1.570000,0.005864,0.005950,-0.010004,0.000000,0.000000,-0.000000
1.580000,0.005864,0.005950,-0.010004,0.000000,0.000000,-0.000000
1.590000,0.005864,0.005950,-0.010004,0.000000,0.000000,-0.000000
1.600000,0.005864,0.005950,-0.010004,0.000000,0.000000,-0.000000
1.610000,0.005864,0.005950,-0.010004,0.000000,0.000000,-0.000000
1.620000,0.005864,0.005950,-0.010004,0.000000,0.000000,-0.000000
1.630000,0.005864,0.005950,-0.010004,0.000000,0.000000,-0.000000
1.640000,0.005864,0.005950,-0.010004,0.000000,0.000000,-0.000000
1.650000,0.005864,0.005950,-0.010004,0.000000,0.000000,-0.000000
1.660000,0.005864,0.005950,-0.010004,0.000000,0.000000,-0.000000
1.670000,0.005864,0.005950,-0.010004,0.000000,0.000000,-0.000000
1.680000,0.005864,0.005950,-0.010004,0.000000,0.000000,-0.000000
1.690000,0.005864,0.005950,-0.010004,0.000000,0.000000,-0.000000
1.700000,0.005864,0.005950,-0.010004,-0.000000,-0.000000,0.000000
1.710000,0.005864,0.005950,-0.010004,-0.000000,-0.000000,0.000000
1.720000,0.005864,0.005950,-0.010004,-0.000000,-0.000000,0.000000
1.730000,0.005864,0.005950,-0.010004,-0.000000,-0.000000,0.000000
1.740000,0.005864,0.005950,-0.010004,-0.000000,-0.000000,0.000000
1.750000,0.005864,0.005950,-0.010004,-0.000000,-0.000000,0.000000
1.760000,0.005864,0.005950,-0.010004,-0.000000,-0.000000,0.000000
1.770000,0.005864,0.005950,-0.010004,-0.000000,-0.000000,0.000000
1.780000,0.005864,0.005950,-0.010004,-0.000000,-0.000000,0.000000
1.790000,0.005864,0.005950,-0.010004,-0.000000,-0.000000,0.000000
1.800000,0.005864,0.005950,-0.010004,-0.000000,-0.000000,0.000000
1.810000,0.005864,0.005950,-0.010004,-0.000000,-0.000000,0.000000
1.820000,0.005864,0.005950,-0.010004,-0.000000,-0.000000,0.000000
1.830000,0.005864,0.005950,-0.010004,-0.000000,-0.000000,0.000000
1.840000,0.005864,0.005950,-0.010004,-0.000000,-0.000000,0.000000
1.850000,0.005864,0.005950,-0.010004,-0.000000,-0.000000,0.000000
1.860000,0.005864,0.005950,-0.010004,0.000000,-0.000000,0.000000
1.870000,0.005864,0.005950,-0.010004,0.000000,0.000000,0.000000
1.880000,0.005864,0.005950,-0.010004,0.000000,0.000000,-0.000000
1.890000,0.005864,0.005950,-0.010004,0.000000,0.000000,-0.000000
1.900000,0.005864,0.005950,-0.010004,0.000000,0.000000,-0.000000
1.910000,0.005864,0.005950,-0.010004,0.000000,0.000000,-0.000000
1.920000,0.005864,0.005950,-0.010004,0.000000,0.000000,-0.000000
1.930000,0.005864,0.005950,-0.010004,0.000000,0.000000,-0.000000
1.940000,0.005864,0.005950,-0.010004,0.000000,0.000000,-0.000000
1.950000,0.005864,0.005950,-0.010004,0.000000,0.000000,-0.000000
1.960000,0.005864,0.005950,-0.010004,0.000000,0.000000,-0.000000
1.970000,0.005864,0.005950,-0.010004,0.000000,0.000000,-0.000000
1.980000,0.005864,0.005950,-0.010004,0.000000,0.000000,-0.000000
1.990000,0.005864,0.005950,-0.010004,0.000000,0.000000,-0.000000
2.000000,0.005864,0.005950,-0.010004,0.000000,0.000000,-0.000000
2.010000,0.005864,0.005950,-0.010004,0.000000,0.000000,-0.000000
2.020000,0.005864,0.005950,-0.010004,0.000000,0.000000,-0.000000
2.030000,0.005864,0.005950,-0.010004,0.000000,0.000000,-0.000000
2.040000,0.005864,0.005950,-0.010004,0.000000,0.000000,-0.000000
2.050000,0.005864,0.005950,-0.010004,0.000000,0.000000,-0.000000
2.060000,0.005864,0.005950,-0.010004,0.000000,0.000000,-0.000000
2.070000,0.005864,0.005950,-0.010004,0.000000,0.000000,-0.000000
2.080000,0.005864,0.005950,-0.010004,-0.000000,-0.000000,0.000000
2.090000,0.005864,0.005950,-0.010004,-0.000000,-0.000000,0.000000
2.100000,0.005864,0.005950,-0.010004,-0.000000,-0.000000,0.000000
2.110000,0.005864,0.005950,-0.010004,-0.000000,-0.000000,0.000000
2.120000,0.005864,0.005950,-0.010004,-0.000000,-0.000000,0.000000
2.130000,0.005864,0.005950,-0.010004,-0.000000,-0.000000,0.000000
2.140000,0.005864,0.005950,-0.010004,-0.000000,-0.000000,0.000000
2.150000,0.005864,0.005950,-0.010004,-0.000000,-0.000000,0.000000
2.160000,0.005864,0.005950,-0.010004,-0.000000,-0.000000,0.000000
2.170000,0.005864,0.005950,-0.010004,-0.000000,-0.000000,0.000000
2.180000,0.005864,0.005950,-0.010004,-0.000000,-0.000000,0.000000
2.190000,0.005864,0.005950,-0.010004,-0.000000,-0.000000,0.000000
2.200000,0.005864,0.005950,-0.010004,-0.000000,-0.000000,0.000000
2.210000,0.005864,0.005950,-0.010004,-0.000000,-0.000000,0.000000
2.220000,0.005864,0.005950,-0.010004,-0.000000,-0.000000,0.000000
2.230000,0.005864,0.005950,-0.010004,-0.000000,-0.000000,0.000000
2.240000,0.005864,0.005950,-0.010004,0.000000,0.000000,0.000000
2.250000,0.005864,0.005950,-0.010004,0.000000,0.000000,-0.000000
2.260000,0.005864,0.005950,-0.010004,0.000000,0.000000,-0.000000
2.270000,0.005864,0.005950,-0.010004,0.000000,0.000000,-0.000000
2.280000,0.005864,0.005950,-0.010004,0.000000,0.000000,-0.000000
2.290000,0.005864,0.005950,-0.010004,0.000000,0.000000,-0.000000
2.300000,0.005864,0.005950,-0.010004,0.000000,0.000000,-0.000000
2.310000,0.005864,0.005950,-0.010004,0.000000,0.000000,-0.000000
2.320000,0.005864,0.005950,-0.010004,0.000000,0.000000,-0.000000
2.330000,0.005864,0.005950,-0.010004,0.000000,0.000000,-0.000000
2.340000,0.005864,0.005950,-0.010004,0.000000,0.000000,-0.000000
2.350000,0.005864,0.005950,-0.010004,0.000000,0.000000,-0.000000
2.360000,0.005864,0.005950,-0.010004,0.000000,0.000000,-0.000000
2.370000,0.005864,0.005950,-0.010004,0.000000,0.000000,-0.000000
2.380000,0.005864,0.005950,-0.010004,0.000000,0.000000,-0.000000
2.390000,0.005864,0.005950,-0.010004,0.000000,0.000000,-0.000000
2.400000,0.005864,0.005950,-0.010004,0.000000,0.000000,-0.000000
2.410000,0.005864,0.005950,-0.010004,0.000000,0.000000,-0.000000
2.420000,0.005864,0.005950,-0.010004,0.000000,0.000000,-0.000000
2.430000,0.005864,0.005950,-0.010004,0.000000,0.000000,-0.000000
2.440000,0.005864,0.005950,-0.010004,0.000000,0.000000,-0.000000
2.450000,0.005864,0.005950,-0.010004,0.000000,0.000000,-0.000000
2.460000,0.005864,0.005950,-0.010004,-0.000000,-0.000000,-0.000000
2.470000,0.005864,0.005950,-0.010004,-0.000000,-0.000000,0.000000
2.480000,0.005864,0.005950,-0.010004,-0.000000,-0.000000,0.000000
2.490000,0.005864,0.005950,-0.010004,-0.000000,-0.000000,0.000000
2.500000,0.005864,0.005950,-0.010004,-0.000000,-0.000000,0.000000
2.510000,0.005864,0.005950,-0.010004,-0.000000,-0.000000,0.000000
2.520000,0.005864,0.005950,-0.010004,-0.000000,-0.000000,0.000000
2.530000,0.005864,0.005950,-0.010004,-0.000000,-0.000000,0.000000
2.540000,0.005864,0.005950,-0.010004,-0.000000,-0.000000,0.000000
2.550000,0.005864,0.005950,-0.010004,-0.000000,-0.000000,0.000000
2.560000,0.005864,0.005950,-0.010004,-0.000000,-0.000000,0.000000
2.570000,0.005864,0.005950,-0.010004,-0.000000,-0.000000,0.000000
2.580000,0.005864,0.005950,-0.010004,-0.000000,-0.000000,0.000000
2.590000,0.005864,0.005950,-0.010004,-0.000000,-0.000000,0.000000
2.600000,0.005864,0.005950,-0.010004,-0.000000,-0.000000,0.000000
2.610000,0.005864,0.005950,-0.010004,-0.000000,-0.000000,0.000000
2.620000,0.005864,0.005950,-0.010004,-0.000000,0.000000,0.000000
2.630000,0.005864,0.005950,-0.010004,0.000000,0.000000,-0.000000
2.640000,0.005864,0.005950,-0.010004,0.000000,0.000000,-0.000000
2.650000,0.005864,0.005950,-0.010004,0.000000,0.000000,-0.000000
2.660000,0.005864,0.005950,-0.010004,0.000000,0.000000,-0.000000
2.670000,0.005864,0.005950,-0.010004,0.000000,0.000000,-0.000000
2.680000,0.005864,0.005950,-0.010004,0.000000,0.000000,-0.000000
2.690000,0.005864,0.005950,-0.010004,0.000000,0.000000,-0.000000
2.700000,0.005864,0.005950,-0.010004,0.000000,0.000000,-0.000000
2.710000,0.005864,0.005950,-0.010004,0.000000,0.000000,-0.000000
2.720000,0.005864,0.005950,-0.010004,0.000000,0.000000,-0.000000
2.730000,0.005864,0.005950,-0.010004,0.000000,0.000000,-0.000000
2.740000,0.005864,0.005950,-0.010004,0.000000,0.000000,-0.000000
2.750000,0.005864,0.005950,-0.010004,0.000000,0.000000,-0.000000
2.760000,0.005864,0.005950,-0.010004,0.000000,0.000000,-0.000000
2.770000,0.005864,0.005950,-0.010004,0.000000,0.000000,-0.000000
2.780000,0.005864,0.005950,-0.010004,0.000000,0.000000,-0.000000
2.790000,0.005864,0.005950,-0.010004,0.000000,0.000000,-0.000000
2.800000,0.005864,0.005950,-0.010004,0.000000,0.000000,-0.000000
2.810000,0.005864,0.005950,-0.010004,0.000000,0.000000,-0.000000
2.820000,0.005864,0.005950,-0.010004,0.000000,0.000000,-0.000000
2.830000,0.005864,0.005950,-0.010004,0.000000,0.000000,-0.000000
2.840000,0.005864,0.005950,-0.010004,-0.000000,0.000000,-0.000000
2.850000,0.005864,0.005950,-0.010004,-0.000000,-0.000000,-0.000000
2.860000,0.005864,0.005950,-0.010004,-0.000000,-0.000000,0.000000
2.870000,0.005864,0.005950,-0.010004,-0.000000,-0.000000,0.000000
2.880000,0.005864,0.005950,-0.010004,-0.000000,-0.000000,0.000000
2.890000,0.005864,0.005950,-0.010004,-0.000000,-0.000000,0.000000
2.900000,0.005864,0.005950,-0.010004,-0.000000,-0.000000,0.000000
2.910000,0.005864,0.005950,-0.010004,-0.000000,-0.000000,0.000000
2.920000,0.005864,0.005950,-0.010004,-0.000000,-0.000000,0.000000
2.930000,0.005864,0.005950,-0.010004,-0.000000,-0.000000,0.000000
2.940000,0.005864,0.005950,-0.010004,-0.000000,-0.000000,0.000000
2.950000,0.005864,0.005950,-0.010004,-0.000000,-0.000000,0.000000
2.960000,0.005864,0.005950,-0.010004,-0.000000,-0.000000,0.000000
2.970000,0.005864,0.005950,-0.010004,-0.000000,-0.000000,0.000000
2.980000,0.005864,0.005950,-0.010004,-0.000000,-0.000000,0.000000
2.990000,0.005864,0.005950,-0.010004,-0.000000,-0.000000,0.000000
3.000000,0.005864,0.005950,-0.010004,-0.000000,0.000000,0.000000
3.010000,0.005864,0.005950,-0.010004,0.000000,0.000000,-0.000000
3.020000,0.005864,0.005950,-0.010004,0.000000,0.000000,-0.000000
3.030000,0.005864,0.005950,-0.010004,0.000000,0.000000,-0.000000
3.040000,0.005864,0.005950,-0.010004,0.000000,0.000000,-0.000000
3.050000,0.005864,0.005950,-0.010004,0.000000,0.000000,-0.000000
3.060000,0.005864,0.005950,-0.010004,0.000000,0.000000,-0.000000
3.070000,0.005864,0.005950,-0.010004,0.000000,0.000000,-0.000000
3.080000,0.005864,0.005950,-0.010004,0.000000,0.000000,-0.000000
3.090000,0.005864,0.005950,-0.010004,0.000000,0.000000,-0.000000
3.100000,0.005864,0.005950,-0.010004,0.000000,0.000000,-0.000000
3.110000,0.005864,0.005950,-0.010004,0.000000,0.000000,-0.000000
3.120000,0.005864,0.005950,-0.010004,0.000000,0.000000,-0.000000
3.130000,0.005864,0.005950,-0.010004,0.000000,0.000000,-0.000000
3.140000,0.005864,0.005950,-0.010004,0.000000,0.000000,-0.000000
3.150000,0.005864,0.005950,-0.010004,0.000000,0.000000,-0.000000
3.160000,0.005864,0.005950,-0.010004,0.000000,0.000000,-0.000000
3.170000,0.005864,0.005950,-0.010004,0.000000,0.000000,-0.000000
3.180000,0.005864,0.005950,-0.010004,0.000000,0.000000,-0.000000
3.190000,0.005864,0.005950,-0.010004,0.000000,0.000000,-0.000000
3.200000,0.005864,0.005950,-0.010004,0.000000,0.000000,-0.000000
3.210000,0.005864,0.005950,-0.010004,0.000000,0.000000,-0.000000
3.220000,0.005864,0.005950,-0.010004,-0.000000,0.000000,-0.000000
3.230000,0.005864,0.005950,-0.010004,-0.000000,-0.000000,-0.000000
3.240000,0.005864,0.005950,-0.010004,-0.000000,-0.000000,-0.000000
3.250000,0.005864,0.005950,-0.010004,-0.000000,-0.000000,0.000000
3.260000,0.005864,0.005950,-0.010004,-0.000000,-0.000000,0.000000
3.270000,0.005864,0.005950,-0.010004,-0.000000,-0.000000,0.000000
3.280000,0.005864,0.005950,-0.010004,-0.000000,-0.000000,0.000000
3.290000,0.005864,0.005950,-0.010004,-0.000000,-0.000000,0.000000
3.300000,0.005864,0.005950,-0.010004,-0.000000,-0.000000,0.000000
3.310000,0.005864,0.005950,-0.010004,-0.000000,-0.000000,0.000000
3.320000,0.005864,0.005950,-0.010004,-0.000000,-0.000000,0.000000
3.330000,0.005864,0.005950,-0.010004,-0.000000,-0.000000,0.000000
3.340000,0.005864,0.005950,-0.010004,-0.000000,-0.000000,0.000000
3.350000,0.005864,0.005950,-0.010004,-0.000000,-0.000000,0.000000
3.360000,0.005864,0.005950,-0.010004,-0.000000,-0.000000,0.000000
3.370000,0.005864,0.005950,-0.010004,-0.000000,-0.000000,0.000000
3.380000,0.005864,0.005950,-0.010004,0.000000,0.000000,-0.000000
3.390000,0.005864,0.005950,-0.010004,0.000000,0.000000,-0.000000
3.400000,0.005864,0.005950,-0.010004,0.000000,0.000000,-0.000000
3.410000,0.005864,0.005950,-0.010004,0.000000,0.000000,-0.000000
3.420000,0.005864,0.005950,-0.010004,0.000000,0.000000,-0.000000
3.430000,0.005864,0.005950,-0.010004,0.000000,0.000000,-0.000000
3.440000,0.005864,0.005950,-0.010004,0.000000,0.000000,-0.000000
3.450000,0.005864,0.005950,-0.010004,0.000000,0.000000,-0.000000
3.460000,0.005864,0.005950,-0.010004,0.000000,0.000000,-0.000000
3.470000,0.005864,0.005950,-0.010004,0.000000,0.000000,-0.000000
3.480000,0.005864,0.005950,-0.010004,0.000000,0.000000,-0.000000
3.490000,0.005864,0.005950,-0.010004,0.000000,0.000000,-0.000000
3.500000,0.005864,0.005950,-0.010004,0.000000,0.000000,-0.000000
3.510000,0.005864,0.005950,-0.010004,0.000000,0.000000,-0.000000
3.520000,0.005864,0.005950,-0.010004,0.000000,0.000000,-0.000000
3.530000,0.005864,0.005950,-0.010004,0.000000,0.000000,-0.000000
3.540000,0.005864,0.005950,-0.010004,0.000000,0.000000,-0.000000
3.550000,0.005864,0.005950,-0.010004,0.000000,0.000000,-0.000000
3.560000,0.005864,0.005950,-0.010004,0.000000,0.000000,-0.000000
3.570000,0.005864,0.005950,-0.010004,0.000000,0.000000,-0.000000
3.580000,0.005864,0.005950,-0.010004,0.000000,0.000000,-0.000000
3.590000,0.005864,0.005950,-0.010004,0.000000,0.000000,-0.000000
3.600000,0.005864,0.005950,-0.010004,-0.000000,0.000000,-0.000000
3.610000,0.005864,0.005950,-0.010004,-0.000000,-0.000000,-0.000000
3.620000,0.005864,0.005950,-0.010004,-0.000000,-0.000000,-0.000000
3.630000,0.005864,0.005950,-0.010004,-0.000000,-0.000000,-0.000000
3.640000,0.005864,0.005950,-0.010004,-0.000000,-0.000000,-0.000000
3.650000,0.005864,0.005950,-0.010004,-0.000000,-0.000000,0.000000
3.660000,0.005864,0.005950,-0.010004,-0.000000,-0.000000,0.000000
3.670000,0.005864,0.005950,-0.010004,-0.000000,-0.000000,0.000000
3.680000,0.005864,0.005950,-0.010004,-0.000000,-0.000000,0.000000
3.690000,0.005864,0.005950,-0.010004,-0.000000,-0.000000,0.000000
3.700000,0.005864,0.005950,-0.010004,-0.000000,-0.000000,0.000000
3.710000,0.005864,0.005950,-0.010004,-0.000000,-0.000000,0.000000
3.720000,0.005864,0.005950,-0.010004,-0.000000,-0.000000,0.000000
3.730000,0.005864,0.005950,-0.010004,-0.000000,-0.000000,0.000000
3.740000,0.005864,0.005950,-0.010004,-0.000000,-0.000000,0.000000
3.750000,0.005864,0.005950,-0.010004,-0.000000,-0.000000,0.000000
3.760000,0.005864,0.005950,-0.010004,-0.000000,0.000000,-0.000000
3.770000,0.005864,0.005950,-0.010004,0.000000,0.000000,-0.000000
3.780000,0.005864,0.005950,-0.010004,0.000000,0.000000,-0.000000
3.790000,0.005864,0.005950,-0.010004,0.000000,0.000000,-0.000000
3.800000,0.005864,0.005950,-0.010004,0.000000,0.000000,-0.000000
3.810000,0.005864,0.005950,-0.010004,0.000000,0.000000,-0.000000
3.820000,0.005864,0.005950,-0.010004,0.000000,0.000000,-0.000000
3.830000,0.005864,0.005950,-0.010004,0.000000,0.000000,-0.000000
3.840000,0.005864,0.005950,-0.010004,0.000000,0.000000,-0.000000
3.850000,0.005864,0.005950,-0.010004,0.000000,0.000000,-0.000000
3.860000,0.005864,0.005950,-0.010004,0.000000,0.000000,-0.000000
3.870000,0.005864,0.005950,-0.010004,0.000000,0.000000,-0.000000
3.880000,0.005864,0.005950,-0.010004,0.000000,0.000000,-0.000000
3.890000,0.005864,0.005950,-0.010004,0.000000,0.000000,-0.000000
3.900000,0.005864,0.005950,-0.010004,0.000000,0.000000,-0.000000
3.910000,0.005864,0.005950,-0.010004,0.000000,0.000000,-0.000000
3.920000,0.005864,0.005950,-0.010004,0.000000,0.000000,-0.000000
3.930000,0.005864,0.005950,-0.010004,0.000000,0.000000,-0.000000
3.940000,0.005864,0.005950,-0.010004,0.000000,0.000000,-0.000000
3.950000,0.005864,0.005950,-0.010004,0.000000,0.000000,-0.000000
3.960000,0.005864,0.005950,-0.010004,0.000000,0.000000,-0.000000
3.970000,0.005864,0.005950,-0.010004,0.000000,0.000000,-0.000000
3.980000,0.005864,0.005950,-0.010004,0.000000,0.000000,-0.000000
3.990000,0.005864,0.005950,-0.010004,-0.000000,0.000000,-0.000000
4.000000,0.005864,0.005950,-0.010004,-0.000000,-0.000000,-0.000000
4.010000,0.005864,0.005950,-0.010004,-0.000000,-0.000000,-0.000000
4.020000,0.005864,0.005950,-0.010004,-0.000000,-0.000000,-0.000000
4.030000,0.005864,0.005950,-0.010004,-0.000000,-0.000000,-0.000000
4.040000,0.005864,0.005950,-0.010004,-0.000000,-0.000000,0.000000
4.050000,0.005864,0.005950,-0.010004,-0.000000,-0.000000,0.000000
4.060000,0.005864,0.005950,-0.010004,-0.000000,-0.000000,0.000000
4.070000,0.005864,0.005950,-0.010004,-0.000000,-0.000000,0.000000
4.080000,0.005864,0.005950,-0.010004,-0.000000,-0.000000,0.000000
4.090000,0.005864,0.005950,-0.010004,-0.000000,-0.000000,0.000000
4.100000,0.005864,0.005950,-0.010004,-0.000000,-0.000000,0.000000
4.110000,0.005864,0.005950,-0.010004,-0.000000,-0.000000,0.000000
4.120000,0.005864,0.005950,-0.010004,-0.000000,-0.000000,0.000000
4.130000,0.005864,0.005950,-0.010004,-0.000000,0.000000,0.000000
4.140000,0.005864,0.005950,-0.010004,-0.000000,0.000000,-0.000000
4.150000,0.005864,0.005950,-0.010004,0.000000,0.000000,-0.000000
4.160000,0.005864,0.005950,-0.010004,0.000000,0.000000,-0.000000
4.170000,0.005864,0.005950,-0.010004,0.000000,0.000000,-0.000000
4.180000,0.005864,0.005950,-0.010004,0.000000,0.000000,-0.000000
4.190000,0.005864,0.005950,-0.010004,0.000000,0.000000,-0.000000
4.200000,0.005864,0.005950,-0.010004,0.000000,0.000000,-0.000000
4.210000,0.005864,0.005950,-0.010004,0.000000,0.000000,-0.000000
4.220000,0.005864,0.005950,-0.010004,0.000000,0.000000,-0.000000
4.230000,0.005864,0.005950,-0.010004,0.000000,0.000000,-0.000000
4.240000,0.005864,0.005950,-0.010004,0.000000,0.000000,-0.000000
4.250000,0.005864,0.005950,-0.010004,0.000000,0.000000,-0.000000
4.260000,0.005864,0.005950,-0.010004,0.000000,0.000000,-0.000000
4.270000,0.005864,0.005950,-0.010004,0.000000,0.000000,-0.000000
4.280000,0.005864,0.005950,-0.010004,0.000000,0.000000,-0.000000
4.290000,0.005864,0.005950,-0.010004,0.000000,0.000000,-0.000000
4.300000,0.005864,0.005950,-0.010004,0.000000,0.000000,-0.000000
4.310000,0.005864,0.005950,-0.010004,0.000000,0.000000,-0.000000
4.320000,0.005864,0.005950,-0.010004,0.000000,0.000000,-0.000000
4.330000,0.005864,0.005950,-0.010004,0.000000,0.000000,-0.000000
4.340000,0.005864,0.005950,-0.010004,0.000000,0.000000,-0.000000
4.350000,0.005864,0.005950,-0.010004,0.000000,0.000000,-0.000000
4.360000,0.005864,0.005950,-0.010004,0.000000,0.000000,-0.000000
4.370000,0.005864,0.005950,-0.010004,-0.000000,0.000000,-0.000000
4.380000,0.005864,0.005950,-0.010004,-0.000000,0.000000,-0.000000
4.390000,0.005864,0.005950,-0.010004,-0.000000,-0.000000,-0.000000
4.400000,0.005864,0.005950,-0.010004,-0.000000,-0.000000,-0.000000
4.410000,0.005864,0.005950,-0.010004,-0.000000,-0.000000,-0.000000
4.420000,0.005864,0.005950,-0.010004,-0.000000,-0.000000,0.000000
4.430000,0.005864,0.005950,-0.010004,-0.000000,-0.000000,0.000000
4.440000,0.005864,0.005950,-0.010004,-0.000000,-0.000000,0.000000
4.450000,0.005864,0.005950,-0.010004,-0.000000,-0.000000,0.000000
4.460000,0.005864,0.005950,-0.010004,-0.000000,-0.000000,0.000000
4.470000,0.005864,0.005950,-0.010004,-0.000000,-0.000000,0.000000
4.480000,0.005864,0.005950,-0.010004,-0.000000,-0.000000,0.000000
4.490000,0.005864,0.005950,-0.010004,-0.000000,-0.000000,0.000000
4.500000,0.005864,0.005950,-0.010004,-0.000000,-0.000000,0.000000
4.510000,0.005864,0.005950,-0.010004,-0.000000,0.000000,-0.000000
4.520000,0.005864,0.005950,-0.010004,-0.000000,0.000000,-0.000000
4.530000,0.005864,0.005950,-0.010004,0.000000,0.000000,-0.000000
4.540000,0.005864,0.005950,-0.010004,0.000000,0.000000,-0.000000
4.550000,0.005864,0.005950,-0.010004,0.000000,0.000000,-0.000000
4.560000,0.005864,0.005950,-0.010004,0.000000,0.000000,-0.000000
4.570000,0.005864,0.005950,-0.010004,0.000000,0.000000,-0.000000
4.580000,0.005864,0.005950,-0.010004,0.000000,0.000000,-0.000000
4.590000,0.005864,0.005950,-0.010004,0.000000,0.000000,-0.000000
4.600000,0.005864,0.005950,-0.010004,0.000000,0.000000,-0.000000
4.610000,0.005864,0.005950,-0.010004,0.000000,0.000000,-0.000000
4.620000,0.005864,0.005950,-0.010004,0.000000,0.000000,-0.000000
4.630000,0.005864,0.005950,-0.010004,0.000000,0.000000,-0.000000
4.640000,0.005864,0.005950,-0.010004,0.000000,0.000000,-0.000000
4.650000,0.005864,0.005950,-0.010004,0.000000,0.000000,-0.000000
4.660000,0.005864,0.005950,-0.010004,0.000000,0.000000,-0.000000
4.670000,0.005864,0.005950,-0.010004,0.000000,0.000000,-0.000000
4.680000,0.005864,0.005950,-0.010004,0.000000,0.000000,-0.000000
4.690000,0.005864,0.005950,-0.010004,0.000000,0.000000,-0.000000
4.700000,0.005864,0.005950,-0.010004,0.000000,0.000000,-0.000000
4.710000,0.005864,0.005950,-0.010004,0.000000,0.000000,-0.000000
4.720000,0.005864,0.005950,-0.010004,0.000000,0.000000,-0.000000
4.730000,0.005864,0.005950,-0.010004,0.000000,0.000000,-0.000000
4.740000,0.005864,0.005950,-0.010004,0.000000,0.000000,-0.000000
4.750000,0.005864,0.005950,-0.010004,-0.000000,0.000000,-0.000000
4.760000,0.005864,0.005950,-0.010004,-0.000000,0.000000,-0.000000
4.770000,0.005864,0.005950,-0.010004,-0.000000,0.000000,-0.000000
4.780000,0.005864,0.005950,-0.010004,-0.000000,-0.000000,-0.000000
4.790000,0.005864,0.005950,-0.010004,-0.000000,-0.000000,-0.000000
4.800000,0.005864,0.005950,-0.010004,-0.000000,-0.000000,-0.000000
4.810000,0.005864,0.005950,-0.010004,-0.000000,-0.000000,-0.000000
4.820000,0.005864,0.005950,-0.010004,-0.000000,-0.000000,0.000000
4.830000,0.005864,0.005950,-0.010004,-0.000000,-0.000000,0.000000
4.840000,0.005864,0.005950,-0.010004,-0.000000,-0.000000,0.000000
4.850000,0.005864,0.005950,-0.010004,-0.000000,-0.000000,0.000000
4.860000,0.005864,0.005950,-0.010004,-0.000000,-0.000000,0.000000
4.870000,0.005864,0.005950,-0.010004,-0.000000,-0.000000,0.000000
4.880000,0.005864,0.005950,-0.010004,-0.000000,0.000000,0.000000
4.890000,0.005864,0.005950,-0.010004,-0.000000,0.000000,-0.000000
4.900000,0.005864,0.005950,-0.010004,-0.000000,0.000000,-0.000000
4.910000,0.005864,0.005950,-0.010004,0.000000,0.000000,-0.000000
4.920000,0.005864,0.005950,-0.010004,0.000000,0.000000,-0.000000
4.930000,0.005864,0.005950,-0.010004,0.000000,0.000000,-0.000000
4.940000,0.005864,0.005950,-0.010004,0.000000,0.000000,-0.000000
4.950000,0.005864,0.005950,-0.010004,0.000000,0.000000,-0.000000
4.960000,0.005864,0.005950,-0.010004,0.000000,0.000000,-0.000000
4.970000,0.005864,0.005950,-0.010004,0.000000,0.000000,-0.000000
4.980000,0.005864,0.005950,-0.010004,0.000000,0.000000,-0.000000
4.990000,0.005864,0.005950,-0.010004,0.000000,0.000000,-0.000000
5.000000,0.005864,0.005950,-0.010004,0.000000,0.000000,-0.000000
5.010000,0.005864,0.005950,-0.010004,0.000000,0.000000,-0.000000
5.020000,0.005864,0.005950,-0.010004,0.000000,0.000000,-0.000000
5.030000,0.005864,0.005950,-0.010004,0.000000,0.000000,-0.000000
5.040000,0.005864,0.005950,-0.010004,0.000000,0.000000,-0.000000
5.050000,0.005864,0.005950,-0.010004,0.000000,0.000000,-0.000000
5.060000,0.005864,0.005950,-0.010004,0.000000,0.000000,-0.000000
5.070000,0.005864,0.005950,-0.010004,0.000000,0.000000,-0.000000
5.080000,0.005864,0.005950,-0.010004,0.000000,0.000000,-0.000000
5.090000,0.005864,0.005950,-0.010004,0.000000,0.000000,-0.000000
5.100000,0.005864,0.005950,-0.010004,0.000000,0.000000,-0.000000
5.110000,0.005864,0.005950,-0.010004,0.000000,0.000000,-0.000000
5.120000,0.005864,0.005950,-0.010004,0.000000,0.000000,-0.000000
5.130000,0.005864,0.005950,-0.010004,0.000000,0.000000,-0.000000
5.140000,0.005864,0.005950,-0.010004,-0.000000,0.000000,-0.000000
5.150000,0.005864,0.005950,-0.010004,-0.000000,0.000000,-0.000000
5.160000,0.005864,0.005950,-0.010004,-0.000000,0.000000,-0.000000
5.170000,0.005864,0.005950,-0.010004,-0.000000,-0.000000,-0.000000
5.180000,0.005864,0.005950,-0.010004,-0.000000,-0.000000,-0.000000
5.190000,0.005864,0.005950,-0.010004,-0.000000,-0.000000,-0.000000
5.200000,0.005864,0.005950,-0.010004,-0.000000,-0.000000,-0.000000
5.210000,0.005864,0.005950,-0.010004,-0.000000,-0.000000,0.000000
5.220000,0.005864,0.005950,-0.010004,-0.000000,-0.000000,0.000000
5.230000,0.005864,0.005950,-0.010004,-0.000000,-0.000000,0.000000
5.240000,0.005864,0.005950,-0.010004,-0.000000,-0.000000,0.000000
5.250000,0.005864,0.005950,-0.010004,-0.000000,0.000000,0.000000
5.260000,0.005864,0.005950,-0.010004,-0.000000,0.000000,-0.000000
5.270000,0.005864,0.005950,-0.010004,-0.000000,0.000000,-0.000000
5.280000,0.005864,0.005950,-0.010004,-0.000000,0.000000,-0.000000
5.290000,0.005864,0.005950,-0.010004,0.000000,0.000000,-0.000000
5.300000,0.005864,0.005950,-0.010004,0.000000,0.000000,-0.000000
5.310000,0.005864,0.005950,-0.010004,0.000000,0.000000,-0.000000
5.320000,0.005864,0.005950,-0.010004,0.000000,0.000000,-0.000000
5.330000,0.005864,0.005950,-0.010004,0.000000,0.000000,-0.000000
5.340000,0.005864,0.005950,-0.010004,0.000000,0.000000,-0.000000
5.350000,0.005864,0.005950,-0.010004,0.000000,0.000000,-0.000000
5.360000,0.005864,0.005950,-0.010004,0.000000,0.000000,-0.000000
5.370000,0.005864,0.005950,-0.010004,0.000000,0.000000,-0.000000
5.380000,0.005864,0.005950,-0.010004,0.000000,0.000000,-0.000000
5.390000,0.005864,0.005950,-0.010004,0.000000,0.000000,-0.000000
5.400000,0.005864,0.005950,-0.010004,0.000000,0.000000,-0.000000
5.410000,0.005864,0.005950,-0.010004,0.000000,0.000000,-0.000000
5.420000,0.005864,0.005950,-0.010004,0.000000,0.000000,-0.000000
5.430000,0.005864,0.005950,-0.010004,0.000000,0.000000,-0.000000
5.440000,0.005864,0.005950,-0.010004,0.000000,0.000000,-0.000000
5.450000,0.005864,0.005950,-0.010004,0.000000,0.000000,-0.000000
5.460000,0.005864,0.005950,-0.010004,0.000000,0.000000,-0.000000
5.470000,0.005864,0.005950,-0.010004,0.000000,0.000000,-0.000000
5.480000,0.005864,0.005950,-0.010004,0.000000,0.000000,-0.000000
5.490000,0.005864,0.005950,-0.010004,0.000000,0.000000,-0.000000
5.500000,0.005864,0.005950,-0.010004,0.000000,0.000000,-0.000000
5.510000,0.005864,0.005950,-0.010004,0.000000,0.000000,-0.000000
5.520000,0.005864,0.005950,-0.010004,0.000000,0.000000,-0.000000
5.530000,0.005864,0.005950,-0.010004,-0.000000,0.000000,-0.000000
5.540000,0.005864,0.005950,-0.010004,-0.000000,0.000000,-0.000000
5.550000,0.005864,0.005950,-0.010004,-0.000000,0.000000,-0.000000
5.560000,0.005864,0.005950,-0.010004,-0.000000,-0.000000,-0.000000
5.570000,0.005864,0.005950,-0.010004,-0.000000,-0.000000,-0.000000
5.580000,0.005864,0.005950,-0.010004,-0.000000,-0.000000,-0.000000
5.590000,0.005864,0.005950,-0.010004,-0.000000,-0.000000,-0.000000
5.600000,0.005864,0.005950,-0.010004,-0.000000,-0.000000,-0.000000
5.610000,0.005864,0.005950,-0.010004,-0.000000,-0.000000,-0.000000
5.620000,0.005864,0.005950,-0.010004,-0.000000,0.000000,-0.000000
5.630000,0.005864,0.005950,-0.010004,-0.000000,0.000000,-0.000000
5.640000,0.005864,0.005950,-0.010004,-0.000000,0.000000,-0.000000
5.650000,0.005864,0.005950,-0.010004,-0.000000,0.000000,-0.000000
5.660000,0.005864,0.005950,-0.010004,-0.000000,0.000000,-0.000000
5.670000,0.005864,0.005950,-0.010004,0.000000,0.000000,-0.000000
5.680000,0.005864,0.005950,-0.010004,0.000000,0.000000,-0.000000
5.690000,0.005864,0.005950,-0.010004,0.000000,0.000000,-0.000000
5.700000,0.005864,0.005950,-0.010004,0.000000,0.000000,-0.000000
5.710000,0.005864,0.005950,-0.010004,0.000000,0.000000,-0.000000
5.720000,0.005864,0.005950,-0.010004,0.000000,0.000000,-0.000000
5.730000,0.005864,0.005950,-0.010004,0.000000,0.000000,-0.000000
5.740000,0.005864,0.005950,-0.010004,0.000000,0.000000,-0.000000
5.750000,0.005864,0.005950,-0.010004,0.000000,0.000000,-0.000000
5.760000,0.005864,0.005950,-0.010004,0.000000,0.000000,-0.000000
5.770000,0.005864,0.005950,-0.010004,0.000000,0.000000,-0.000000
5.780000,0.005864,0.005950,-0.010004,0.000000,0.000000,-0.000000
5.790000,0.005864,0.005950,-0.010004,0.000000,0.000000,-0.000000
5.800000,0.005864,0.005950,-0.010004,0.000000,0.000000,-0.000000
5.810000,0.005864,0.005950,-0.010004,0.000000,0.000000,-0.000000
5.820000,0.005864,0.005950,-0.010004,0.000000,0.000000,-0.000000
5.830000,0.005864,0.005950,-0.010004,0.000000,0.000000,-0.000000
5.840000,0.005864,0.005950,-0.010004,0.000000,0.000000,-0.000000
5.850000,0.005864,0.005950,-0.010004,0.000000,0.000000,-0.000000
5.860000,0.005864,0.005950,-0.010004,0.000000,0.000000,-0.000000
5.870000,0.005864,0.005950,-0.010004,0.000000,0.000000,-0.000000
5.880000,0.005864,0.005950,-0.010004,0.000000,0.000000,-0.000000
5.890000,0.005864,0.005950,-0.010004,0.000000,0.000000,-0.000000
5.900000,0.005864,0.005950,-0.010004,0.000000,0.000000,-0.000000
5.910000,0.005864,0.005950,-0.010004,-0.000000,0.000000,-0.000000
5.920000,0.005864,0.005950,-0.010004,-0.000000,0.000000,-0.000000
5.930000,0.005864,0.005950,-0.010004,-0.000000,0.000000,-0.000000
5.940000,0.005864,0.005950,-0.010004,-0.000000,0.000000,-0.000000
5.950000,-0.011986,1.034191,0.002053,-0.000283,-0.000399,0.000001
5.960000,-0.011906,1.034142,0.002002,-0.000638,-0.000897,0.000001
5.970000,-0.011777,1.034052,0.001911,-0.000993,-0.001395,0.000002
5.980000,-0.011600,1.035663,0.001776,-0.001348,-0.001893,0.000003
5.990000,-0.011360,1.035565,0.001599,-0.001704,-0.002390,0.000003
6.000000,-0.011064,1.033690,0.001380,-0.002060,-0.002886,0.000004
6.010000,-0.010707,1.034358,0.001116,-0.002418,-0.003381,0.000005
6.020000,-0.010151,1.034545,0.000502,-0.002830,-0.003926,0.000005
6.030000,-0.009686,1.034422,0.000174,-0.003184,-0.004412,0.000006
6.040000,-0.009156,1.034252,-0.000204,-0.003539,-0.004897,0.000006
6.050000,-0.008574,1.034694,-0.000597,-0.003717,-0.005374,0.000007
6.060000,-0.007908,1.034671,-0.001084,-0.004092,-0.005855,0.000008
6.070000,-0.007166,1.034590,-0.001624,-0.004466,-0.006332,0.000008
6.080000,-0.006775,1.034905,-0.002218,-0.004840,-0.006648,0.000009
6.090000,-0.005849,1.034357,-0.002872,-0.005212,-0.007130,0.000010
6.100000,-0.004850,1.032350,-0.003584,-0.005584,-0.007606,0.000011
6.110000,-0.003771,1.031686,-0.004356,-0.005954,-0.008073,0.000012
6.120000,-0.002615,1.028133,-0.005190,-0.006322,-0.008532,0.000012
6.130000,-0.001372,1.026805,-0.006088,-0.006688,-0.008980,0.000013
6.140000,-0.000040,1.025359,-0.007050,-0.007051,-0.009417,0.000014
6.150000,0.001382,1.023830,-0.008080,-0.007411,-0.009842,0.000015
6.160000,0.002899,1.022127,-0.009177,-0.007766,-0.010252,0.000016
6.170000,0.004513,1.020282,-0.010343,-0.008115,-0.010647,0.000017
6.180000,0.006227,1.018289,-0.011579,-0.008458,-0.011025,0.000018
6.190000,0.008045,1.016142,-0.012885,-0.008794,-0.011383,0.000019
6.200000,0.009969,1.013832,-0.014261,-0.009121,-0.011721,0.000020
6.210000,0.012001,1.011354,-0.015708,-0.009438,-0.012035,0.000021
6.220000,0.014144,1.008701,-0.017225,-0.009744,-0.012324,0.000022
6.230000,0.016522,1.005355,-0.019081,-0.010084,-0.012632,0.000023
6.240000,0.018879,1.002732,-0.020708,-0.010358,-0.012859,0.000024
6.250000,0.021353,0.999558,-0.022403,-0.010615,-0.013054,0.000025
6.260000,0.023943,0.996365,-0.024163,-0.010853,-0.013214,0.000026
6.270000,0.026648,0.992822,-0.025983,-0.011072,-0.013336,0.000026
6.280000,0.029467,0.989042,-0.027861,-0.011268,-0.013417,0.000027
6.290000,0.032399,0.985036,-0.029790,-0.011440,-0.013454,0.000027
6.300000,0.035441,0.980812,-0.031764,-0.011585,-0.013445,0.000028
6.310000,0.038589,0.976376,-0.033778,-0.011700,-0.013386,0.000028
6.320000,0.041839,0.971733,-0.035822,-0.011783,-0.013274,0.000028
6.330000,0.045186,0.966929,-0.037888,-0.011831,-0.013106,0.000028
6.340000,0.048356,0.963215,-0.039922,-0.011646,-0.012779,0.000028
6.350000,0.052062,0.956824,-0.042201,-0.011670,-0.012560,0.000027
6.360000,0.055703,0.951811,-0.044254,-0.011612,-0.012225,0.000027
6.370000,0.059372,0.946193,-0.046285,-0.011507,-0.011809,0.000026
6.380000,0.063072,0.940453,-0.048278,-0.011353,-0.011316,0.000025
6.390000,0.066807,0.934583,-0.050218,-0.011147,-0.010749,0.000024
6.400000,0.070561,0.928654,-0.052089,-0.010887,-0.010105,0.000023
6.410000,0.299364,1.464957,-0.048812,-0.003596,0.012785,0.019248
6.420000,1.011622,2.241935,-0.035778,-0.007653,0.018577,0.016851
6.430000,-0.040596,1.636365,-0.058212,-0.008772,0.021590,0.025421
6.440000,0.393615,1.488950,-0.052418,-0.007629,0.022301,0.011929
6.450000,0.348812,1.473602,-0.054398,-0.005730,0.022311,0.007656
6.460000,0.351739,1.471845,-0.055272,-0.006149,0.024791,0.012252
6.470000,0.341564,1.466858,-0.056186,-0.005440,0.026151,0.011912
6.480000,0.376749,1.408333,-0.056276,-0.005604,0.028463,0.013768
6.490000,0.310634,1.395754,-0.056546,-0.003951,0.028930,0.010969
6.500000,0.328314,1.397741,-0.056260,-0.003446,0.030620,0.013000
6.510000,0.134038,1.389221,-0.059594,-0.002863,0.032246,0.014584
6.520000,-0.196530,1.372541,-0.064878,-0.001591,0.033166,0.013441
6.530000,-0.075862,1.374975,-0.061698,-0.000372,0.034140,0.010648
6.540000,0.009035,1.370630,-0.058942,0.001089,0.034847,0.007923
6.550000,-0.208345,1.355835,-0.060791,0.003981,0.034027,0.006540
6.560000,3.991015,-2.063176,-12.752187,0.014574,0.049552,0.006577
6.570000,-0.866426,-0.520249,-0.244741,0.024741,0.016378,0.004248
6.580000,-0.904607,0.091512,-0.243015,0.035616,0.007136,-0.000013
6.590000,-0.188462,0.798035,-0.068162,0.048335,-0.004558,-0.000042
6.600000,-0.395021,0.618156,-0.089765,0.058900,-0.014113,-0.000056
6.610000,-0.369390,0.654806,-0.084159,0.068363,-0.022592,-0.000058
6.620000,0.153331,1.808897,-0.032090,0.069184,-0.021482,0.006552
6.630000,-0.046449,0.825758,-0.031079,0.064760,-0.015639,0.005337
6.640000,-0.073399,0.806491,-0.025892,0.062861,-0.012633,0.001986
6.650000,-0.050289,0.834471,-0.019287,0.059838,-0.008678,0.000015
6.660000,-0.042547,0.853056,-0.012327,0.055966,-0.004080,0.000025
6.670000,0.001640,0.907888,-0.004243,0.051996,0.000357,0.000032
6.680000,0.018953,0.938083,0.004005,0.048267,0.004262,0.000035
6.690000,0.031245,0.964162,0.012837,0.045461,0.006894,0.000037
6.700000,0.092146,1.039336,0.023863,0.042486,0.009365,0.000037
6.710000,-0.348142,0.674240,0.020756,0.044956,0.006846,0.000051
6.720000,-0.060237,0.929205,0.035490,0.048938,0.000639,0.000081
6.730000,-0.001583,1.002224,0.047174,0.047418,0.000564,0.000092
6.740000,0.003169,1.064197,0.060801,0.008035,0.039434,-0.000100
6.750000,-0.015178,0.235647,0.080802,0.005359,0.039356,-0.000100
6.760000,-0.027063,0.241685,0.085075,0.002628,0.038952,-0.000098
6.770000,-0.039169,0.247285,0.088802,-0.000121,0.038320,-0.000099
6.780000,-0.050651,0.251696,0.091963,-0.002872,0.037465,-0.000100
6.790000,1.014957,0.362958,0.096271,-0.005365,0.036387,-0.000099
6.800000,-0.072661,0.255461,0.096551,-0.008074,0.035079,-0.000094
6.810000,-0.083128,0.257234,0.097896,-0.010758,0.033589,-0.000087
6.820000,-0.093128,0.255190,0.098616,-0.013379,0.031901,-0.000077
6.830000,-0.102611,0.252194,0.098702,-0.015921,0.030025,-0.000065
6.840000,-0.111517,0.247816,0.098148,-0.018370,0.027972,-0.000051
6.850000,-0.119794,0.241835,0.096954,-0.020710,0.025753,-0.000034
6.860000,-0.127934,0.233933,0.095125,-0.022929,0.023380,-0.000021
6.870000,-0.134901,0.225078,0.092668,-0.025013,0.020869,-0.000013
6.880000,-0.141124,0.307679,0.089318,-0.026948,0.018234,-0.000288
6.890000,-0.294203,0.205707,0.052344,-0.028477,0.015267,-0.002181
6.900000,-0.654239,-0.921819,-0.357546,0.002051,-0.000485,-0.013477
6.910000,0.313290,-0.239511,-0.534113,0.002084,-0.001617,-0.014530
6.920000,0.327344,-0.248447,-0.553434,0.002825,-0.002034,-0.014210
6.930000,0.305815,-0.221250,-0.523297,0.004569,-0.001454,-0.013803
6.940000,0.351022,-0.263547,-0.586079,0.005554,-0.001571,-0.013314
6.950000,0.346416,-0.255042,-0.579268,0.007405,-0.000811,-0.012743
6.960000,0.373335,-0.279701,-0.616156,0.008954,-0.000294,-0.012098
6.970000,0.284784,-0.185710,-0.493085,0.012363,0.002071,-0.011378
6.980000,0.268420,-0.166891,-0.470505,0.014869,0.003622,-0.010591
6.990000,0.282073,-0.179724,-0.489604,0.017001,0.004875,-0.009742
7.000000,0.286034,-0.183228,-0.495306,0.019271,0.006329,-0.008834
7.010000,0.285464,-0.182713,-0.494807,0.021596,0.007908,-0.007873
7.020000,0.291472,-0.189661,-0.503469,0.023756,0.009403,-0.006865
7.030000,-8.989521,4.871831,16.727276,-0.010255,-0.024029,-0.011155
7.040000,-0.122454,0.180474,-0.016976,-0.012272,-0.026337,-0.000044
7.050000,-0.115113,0.153747,-0.024429,-0.014073,-0.028435,-0.000040
7.060000,-0.107277,0.184643,-0.032712,-0.015961,-0.030534,-0.000370
7.070000,-2.920232,3.533764,4.781344,-0.017799,-0.032289,-0.000168
7.080000,-0.085114,0.122315,-0.048507,-0.019449,-0.033969,-0.000023
7.090000,-0.042693,0.088540,-0.055990,-0.020706,-0.035595,0.000119
7.100000,-0.000936,0.085762,-0.063626,-0.022155,-0.036908,0.001302
7.110000,0.009125,0.069431,-0.071250,-0.023323,-0.037863,0.002472
7.120000,0.345091,-0.282590,-0.530046,-0.020257,-0.034612,0.003635
7.130000,-0.173275,-0.546696,-1.702447,0.255902,-0.351757,-0.070338
7.140000,-0.560425,-0.902375,-2.442437,0.275276,-0.330097,-0.097942
7.150000,0.947812,-0.250779,-1.087027,0.299165,-0.304205,-0.121954
7.160000,-0.030774,-1.109307,-1.158308,0.307347,-0.292311,-0.119495
7.170000,1.094955,-0.557654,-1.320838,0.320135,-0.280237,-0.116467
7.180000,1.192232,-0.563345,-1.410303,0.335810,-0.264937,-0.113254
7.190000,1.152981,-0.424162,-1.285078,0.354824,-0.245838,-0.109818
7.200000,1.112314,-0.285101,-1.161950,0.374578,-0.225398,-0.106201
7.210000,1.149418,-0.226891,-1.166881,0.394045,-0.204646,-0.102444
7.220000,1.281264,-0.266752,-1.327297,0.411787,-0.185074,-0.098614
7.230000,1.389670,-0.283839,-1.455441,0.429654,-0.164894,-0.094686
7.240000,1.492939,-0.284582,-1.575481,0.447540,-0.144134,-0.090616
7.250000,1.555570,-0.262095,-1.643505,0.465725,-0.122609,-0.086457
7.260000,1.486369,-0.112116,-1.509277,0.486228,-0.098341,-0.082168
7.270000,1.378386,0.071828,-1.321217,0.507713,-0.072740,-0.077766
7.280000,1.563757,-0.036039,-1.602657,0.523651,-0.052601,-0.073435
7.290000,1.775784,-0.172832,-1.930863,0.538254,-0.033674,-0.069150
7.300000,1.796530,-0.126623,-1.963259,0.555802,-0.011588,-0.064821
7.310000,1.839839,-0.106390,-2.037232,0.572619,0.009803,-0.060505
7.320000,1.907528,-0.113704,-2.155188,0.588742,0.030481,-0.056222
7.330000,1.899264,-0.051482,-2.159922,0.605955,0.052226,-0.051948
7.340000,1.898669,-0.000807,-2.183365,0.623168,0.073832,-0.047684
7.350000,1.927103,0.017942,-2.257494,0.639760,0.094631,-0.043495
7.360000,1.879218,0.107077,-2.218614,0.657959,0.116829,-0.039333
7.370000,1.742906,0.278958,-2.049050,0.678112,0.140670,-0.035187
7.380000,1.592275,0.462054,-1.865079,0.699131,0.164938,-0.031070
7.390000,1.640874,0.446128,-1.997304,0.717348,0.185907,-0.027052
7.400000,1.776117,0.339890,-2.268415,0.734106,0.204970,-0.023150
7.410000,1.780870,0.359035,-2.342352,0.753364,0.226009,-0.019321
7.420000,1.745409,0.415749,-2.358670,0.773618,0.247434,-0.015565
7.430000,1.707232,0.471597,-2.377593,0.794389,0.268707,-0.011894
7.440000,1.752213,0.438453,-2.531125,0.815030,0.289136,-0.008303
7.450000,1.658726,0.545002,-2.477919,0.839454,0.312443,-0.004799
7.460000,1.568904,0.646818,-2.434151,0.861981,0.333113,-0.001380
7.470000,1.317829,0.531139,-2.455238,0.884414,0.353238,-0.000090
7.480000,1.409801,0.651393,-2.710604,0.907855,0.376339,-0.000260
7.490000,9.624453,9.313268,12.508057,0.908361,0.426611,-0.000488
7.500000,-1.634667,1.966503,-0.650524,0.699596,0.078396,0.009377
7.510000,-3.025014,1.992377,-0.912358,0.658343,0.026334,0.019650
7.520000,-3.823250,2.035566,-1.000160,0.618417,-0.037251,0.029742
7.530000,-0.040471,3.554503,-0.366011,0.527564,0.048244,0.009347
7.540000,-0.065042,4.382778,-0.405034,0.488630,0.048021,0.006686
7.550000,-0.075379,4.446474,-0.399486,0.430667,0.047435,0.003913
7.560000,-0.083216,4.401953,-0.387780,0.370448,0.046380,0.001124
7.570000,2.608847,-1.909134,-3.206065,0.456165,-0.018664,-0.000125
7.580000,1.184198,1.486580,-2.023371,0.517714,0.055020,0.000193
7.590000,0.991638,1.720673,-1.813739,0.547231,0.088455,0.000073
7.600000,-0.075582,2.826582,-0.390488,0.507055,0.050542,0.000250
7.610000,-0.086919,2.866179,-0.395411,0.504018,0.050370,0.000271
7.620000,-0.098383,2.920858,-0.406074,0.500853,0.049981,0.000293
7.630000,-0.110027,2.975092,-0.417355,0.497570,0.049500,0.000316
7.640000,-0.121363,3.027579,-0.428745,0.494139,0.048776,0.000339
7.650000,-0.132970,3.077989,-0.440423,0.490381,0.048037,0.000353
7.660000,-0.143690,3.128204,-0.452348,0.486782,0.046886,0.000379
7.670000,-0.154216,3.176697,-0.464433,0.483035,0.045603,0.000409
7.680000,-0.164439,3.227166,-0.478016,0.479144,0.044144,0.000441
7.690000,-0.174379,3.276580,-0.492009,0.475076,0.042564,0.000481
7.700000,-0.184210,3.323303,-0.505776,0.471062,0.040951,0.000516
7.710000,-0.192700,3.368685,-0.519699,0.466746,0.038881,0.000559
7.720000,-0.200912,3.411924,-0.533638,0.462333,0.036760,0.000595
7.730000,-0.209159,3.454992,-0.548096,0.458020,0.034720,0.000629
7.740000,-0.216067,3.496426,-0.563015,0.453163,0.032294,0.000671
7.750000,-0.222307,3.536813,-0.578143,0.448365,0.029748,0.000715
7.760000,-0.227898,3.576196,-0.593564,0.443521,0.027115,0.000768
7.770000,-0.233137,3.614466,-0.609431,0.438501,0.024521,0.000827
7.780000,-0.237552,3.651501,-0.625503,0.433379,0.021820,0.000889
7.790000,2.644928,9.885206,-4.826892,0.428299,0.019053,0.000952
7.800000,-0.243392,3.723248,-0.658570,0.422918,0.015993,0.001038
7.810000,-0.245165,3.754868,-0.674318,0.417675,0.013039,0.001093
7.820000,-0.246348,3.786176,-0.690794,0.412228,0.010137,0.001148
7.830000,-0.246257,3.816819,-0.707504,0.406719,0.007062,0.001209
7.840000,-0.245826,3.846228,-0.724190,0.401404,0.004169,0.001267
7.850000,-0.244062,3.874239,-0.740853,0.395879,0.001117,0.001332
7.860000,3.031053,-4.346226,-1.449930,0.002616,-0.586297,-0.139964
7.870000,-1.163206,-0.187608,-1.989318,-0.012660,-0.605076,-0.155012
7.880000,-2.230359,1.106520,-2.146218,-0.065791,-0.684994,-0.164869
7.890000,-1.024580,3.389239,-0.280877,-0.121934,-0.586726,-0.348573
7.900000,-1.232955,3.476938,-0.201271,-0.192802,-0.603438,-0.403269
7.910000,-1.371758,3.339984,-0.129383,-0.272469,-0.620779,-0.465097
7.920000,-0.762090,3.536403,-0.015459,-0.342943,-0.639388,-0.521206
7.930000,-0.718987,2.971059,0.063374,-0.413577,-0.659194,-0.574984
7.940000,0.666402,3.458486,-1.133230,-0.465430,-0.659987,-0.617991
7.950000,0.488509,3.498557,-1.101263,-0.262001,-0.677464,-0.225736
7.960000,-0.239478,1.811967,-1.303411,-0.272050,-0.676235,-0.218961
7.970000,-0.206141,2.209546,-1.274011,-0.281828,-0.676536,-0.193326
7.980000,1.511425,15.838850,0.212185,-0.297940,-0.678478,-0.157710
7.990000,0.253550,2.351029,-1.261935,-0.309022,-0.677486,-0.137999
8.000000,0.364520,2.814165,-1.241255,-0.312875,-0.676941,-0.107373
8.010000,0.930285,2.104329,-1.323634,-0.314182,-0.681197,-0.024269
8.020000,0.711247,3.936887,-1.127642,-0.330867,-0.681701,0.010325
8.030000,1.045403,1.885691,-1.308784,-0.331281,-0.676683,0.010397
8.040000,1.054162,2.287872,-1.256511,-0.331159,-0.671466,0.012753
8.050000,0.999885,3.166867,-1.148811,-0.330203,-0.665412,0.009847
8.060000,1.076771,3.072257,-1.148068,-0.329561,-0.659532,0.009864
8.070000,1.143353,3.045408,-1.139741,-0.328837,-0.653705,0.010441
8.080000,-3.014009,-0.463944,-1.213801,0.068870,-0.460702,0.033872
8.090000,-1.127498,1.201799,-1.145061,0.126743,-0.522494,0.033972
8.100000,-5.493460,1.304198,0.139084,-0.262184,-0.197525,0.085744
8.110000,0.519506,0.333202,-0.986104,-0.259773,-0.240968,0.036314
8.120000,0.402712,1.047673,-3.347661,-0.249603,-0.178000,-0.012798
8.130000,0.942714,0.980790,-3.928165,-0.238477,-0.105537,-0.058630
8.140000,1.233852,0.942051,-4.212226,-0.226710,-0.026830,-0.102283
8.150000,1.409082,0.910209,-4.381788,-0.214664,0.054527,-0.144813
8.160000,1.589236,0.864074,-4.603737,-0.202713,0.134968,-0.186871
8.170000,-6.653973,-1.741772,-0.654919,-0.230416,-0.014485,-0.002003
8.180000,2.996948,11.308258,-0.103596,-0.245476,-0.013889,0.026739
8.190000,11.154037,16.550448,-0.322835,-0.256056,-0.009996,0.053210
8.200000,-6.352729,-0.360684,-0.573715,-0.269793,-0.001987,0.035029
8.210000,-4.016486,0.615759,-0.728257,-0.281173,0.008603,0.015021
8.220000,1.258276,2.977871,-0.830711,-0.282954,0.017058,0.000816
8.230000,1.260039,2.990770,-0.812094,-0.283823,0.020440,-0.001385
8.240000,1.253274,2.980232,-0.794610,-0.284692,0.023608,-0.001210
8.250000,1.246004,2.966119,-0.777333,-0.285641,0.026492,-0.001032
8.260000,1.237849,2.951133,-0.760106,-0.286793,0.029223,-0.000852
8.270000,1.228856,2.935163,-0.742973,-0.288142,0.031785,-0.000671
8.280000,1.219179,2.918126,-0.726130,-0.289682,0.034137,-0.000488
8.290000,1.209055,2.900186,-0.710151,-0.291221,0.036144,-0.000269
8.300000,1.197790,2.880900,-0.693318,-0.293122,0.038168,-0.000099
8.310000,1.185858,2.860073,-0.676978,-0.295239,0.039998,0.000078
8.320000,1.240876,2.741623,-0.674182,-0.296882,0.041806,-0.001877
8.330000,1.156845,2.551282,-0.664250,-0.298366,0.043147,-0.004085
8.340000,1.458269,-1.018729,-11.633541,-0.296278,0.063873,0.001031
8.350000,1.133613,2.499889,-0.632100,-0.301983,0.045172,-0.008209
8.360000,1.121552,2.483065,-0.615189,-0.303706,0.045855,-0.010117
8.370000,1.108974,2.460943,-0.599269,-0.305748,0.046274,-0.011900
8.380000,1.096150,2.440581,-0.583738,-0.307900,0.046446,-0.013545
8.390000,-3.161239,-1.198814,-0.730749,-0.299753,0.034350,-0.014979
8.400000,1.070110,2.401247,-0.554292,-0.312446,0.046003,-0.016407
8.410000,1.055370,2.322889,-0.545099,-0.314580,0.045313,-0.017605
8.420000,1.044295,2.359623,-0.527436,-0.316926,0.044352,-0.018657
8.430000,1.031610,2.339470,-0.515001,-0.319295,0.043127,-0.019544
8.440000,-2.151456,-0.386563,-0.630009,-0.313936,0.032537,-0.020185
8.450000,1.007106,2.297090,-0.493280,-0.324130,0.039851,-0.020811
8.460000,0.995159,2.275516,-0.482746,-0.326385,0.037967,-0.021187
8.470000,0.983849,2.253355,-0.473455,-0.328713,0.035776,-0.021408
8.480000,0.972884,2.230392,-0.465061,-0.331062,0.033446,-0.021465
8.490000,0.962770,2.209033,-0.457630,-0.332638,0.030788,-0.021354
8.500000,1.404277,2.191971,-0.489583,-0.334957,0.028023,-0.021093
8.510000,0.944346,2.159044,-0.445150,-0.337095,0.025073,-0.020688
8.520000,0.936294,2.133242,-0.440176,-0.339118,0.021964,-0.020142
8.530000,0.928861,2.106936,-0.436084,-0.341110,0.018814,-0.019467
8.540000,0.922562,2.079608,-0.432811,-0.342899,0.015454,-0.018673
8.550000,0.917185,2.051737,-0.430359,-0.344560,0.012004,-0.017769
8.560000,0.912896,2.022882,-0.429598,-0.346174,0.008404,-0.016759
8.570000,0.909426,1.993176,-0.428711,-0.347549,0.004842,-0.015673
8.580000,-1.622925,-0.234126,-0.545737,-0.342540,-0.005878,-0.014463
8.590000,-0.968563,-0.635739,-10.909653,-0.347967,0.017566,-0.025405
8.600000,0.905672,1.907811,-0.430525,-0.350708,-0.005965,-0.012041
8.610000,-1.181362,0.059346,-0.531309,-0.346306,-0.015385,-0.010718
8.620000,0.907551,1.832716,-0.435354,-0.352058,-0.012873,-0.009474
8.630000,0.911378,1.815024,-0.437949,-0.352370,-0.016416,-0.008175
8.640000,2.851430,3.426369,-0.350443,-0.352631,-0.019663,-0.006919
8.650000,0.919478,1.727194,-0.446772,-0.352676,-0.022810,-0.005685
8.660000,1.187986,-0.089570,-0.463576,-0.352476,-0.025743,-0.004491
8.670000,0.932593,1.653863,-0.456243,-0.352164,-0.028730,-0.003392
8.680000,0.940795,1.615735,-0.462287,-0.351792,-0.031540,-0.002351
8.690000,0.949612,1.577077,-0.467180,-0.351137,-0.033975,-0.001419
8.700000,0.959122,1.537827,-0.472234,-0.350315,-0.036126,-0.000590
8.710000,0.961673,1.267888,-0.498215,-0.349238,-0.038284,0.000027
8.720000,0.969706,1.163506,-0.507880,-0.347532,-0.039532,-0.000196
8.730000,0.975324,0.928049,-0.530002,-0.345321,-0.041379,-0.000391
8.740000,0.995749,1.085287,-0.515680,-0.342884,-0.042647,-0.000670
8.750000,1.002122,0.864954,-0.535179,-0.340445,-0.043739,-0.000865
8.760000,2.595145,-0.705479,-0.520880,-0.340765,-0.041186,-0.001036
8.770000,1.027802,0.724639,-0.549145,-0.335352,-0.045481,-0.001125
8.780000,1.017012,0.082595,-0.603495,-0.332076,-0.045596,-0.001617
8.790000,1.067419,0.917863,-0.529633,-0.329263,-0.045870,-0.001823
8.800000,1.081707,0.889188,-0.529923,-0.326360,-0.045455,-0.002064
8.810000,1.097433,0.876039,-0.530700,-0.323495,-0.045183,-0.002250
8.820000,1.110719,0.835807,-0.531234,-0.320576,-0.044207,-0.002469
8.830000,1.125554,0.818366,-0.531170,-0.317660,-0.043338,-0.002635
8.840000,1.138543,0.777733,-0.531861,-0.314590,-0.042049,-0.002789
8.850000,1.152135,0.767428,-0.528637,-0.311805,-0.040308,-0.002964
8.860000,1.165522,0.747178,-0.527300,-0.309031,-0.038714,-0.003093
8.870000,1.177118,0.679776,-0.529517,-0.306324,-0.036850,-0.003210
8.880000,1.179601,0.523524,-0.540211,-0.304606,-0.034816,0.002739
8.890000,2.293702,3.506311,11.199921,-0.302645,-0.033047,0.008081
8.900000,1.199946,0.787986,-0.507631,-0.300682,-0.030754,0.012659
8.910000,1.208329,0.927360,-0.491849,-0.299194,-0.028854,0.019701
8.920000,1.216194,1.121428,-0.469553,-0.297987,-0.026553,0.027809
8.930000,1.217156,1.209711,-0.458395,-0.297297,-0.024650,0.040656
8.940000,1.216484,1.252609,-0.452432,-0.297193,-0.022868,0.054104
8.950000,0.756984,-2.108626,-12.195845,-0.293708,0.002292,0.051164
8.960000,1.182129,1.184744,-0.446521,-0.294884,-0.017316,0.068547
8.970000,5.209559,-0.916295,-10.046154,-0.291834,0.003692,0.080975
8.980000,1.160763,0.998789,-0.451025,-0.293042,-0.012607,0.096741
8.990000,1.150720,0.971884,-0.447107,-0.292562,-0.010239,0.110573
9.000000,1.138852,0.904149,-0.445920,-0.292223,-0.007759,0.123021
9.010000,1.133217,1.018865,-0.428570,-0.292215,-0.005318,0.135815
9.020000,0.148003,1.070678,-0.723352,-0.314203,-0.004279,0.157438
9.030000,1.100161,0.841859,-0.425913,-0.292779,-0.000221,0.160454
9.040000,1.085944,0.810296,-0.418548,-0.293317,0.002217,0.171022
9.050000,1.070901,0.778976,-0.410584,-0.294047,0.004545,0.181113
9.060000,2.196451,-3.193600,-12.497806,-0.291757,0.029273,0.187387
9.070000,1.039195,0.720248,-0.393778,-0.296090,0.008571,0.200000
9.080000,1.021159,0.687112,-0.383942,-0.297371,0.010529,0.208879
9.090000,1.002988,0.657244,-0.373619,-0.298789,0.012201,0.217424
9.100000,0.984484,0.627580,-0.364853,-0.300558,0.013451,0.225662
9.110000,0.964840,0.599333,-0.353077,-0.302030,0.014744,0.233623
9.120000,0.945226,0.570941,-0.342639,-0.303924,0.015471,0.241364
9.130000,0.924597,0.543014,-0.330763,-0.305924,0.016170,0.248904
9.140000,0.904001,0.515813,-0.319792,-0.308072,0.016377,0.256267
9.150000,0.882802,0.489257,-0.308114,-0.310320,0.016426,0.263484
9.160000,0.861849,0.463552,-0.297535,-0.312693,0.015960,0.270579
9.170000,0.840715,0.438702,-0.287119,-0.315195,0.015231,0.277574
9.180000,0.336197,0.000288,-0.296852,-0.315902,0.012468,0.284463
9.190000,0.799014,0.392852,-0.267921,-0.319810,0.012665,0.291346
9.200000,0.777657,0.369512,-0.258338,-0.322661,0.011194,0.298200
9.210000,0.640591,0.246582,-0.254428,-0.325712,0.009504,0.305039
9.220000,0.739613,0.329154,-0.242997,-0.331242,0.010248,0.311884
9.230000,0.649099,0.247464,-0.241244,-0.340913,0.015355,0.318703
9.240000,0.925282,0.484053,-0.223998,-0.343304,0.011783,0.325608
9.250000,0.894554,0.453316,-0.222444,-0.347533,0.009714,0.332540
9.260000,0.778997,0.346241,-0.222574,-0.343571,-0.001681,0.339577
9.270000,0.770345,0.334186,-0.221958,-0.348057,-0.003624,0.346627
9.280000,0.504527,0.095663,-0.232448,-0.346943,-0.012132,0.353769
9.290000,0.615424,0.184887,-0.230284,-0.350279,-0.015749,0.360966
9.300000,0.756368,0.302366,-0.230183,-0.358056,-0.014344,0.368181
9.310000,0.660966,0.211508,-0.242285,-0.367848,-0.010799,0.375450
9.320000,0.952032,0.455783,-0.237960,-0.372204,-0.013522,0.382821
9.330000,1.051295,0.529854,-0.244154,-0.375798,-0.017094,0.390254
9.340000,1.040905,0.507266,-0.257888,-0.381425,-0.018294,0.397706
9.350000,1.124212,0.620569,-0.262866,-0.381777,-0.025398,0.405227
9.360000,1.003075,-0.135405,-0.349014,-0.389544,-0.022072,0.404073
9.370000,0.965231,-0.203642,-0.369071,-0.391741,-0.024473,0.400980
9.380000,1.095907,-0.126525,-0.382112,-0.391457,-0.029430,0.398115
9.390000,1.170696,-0.102348,-0.399691,-0.391891,-0.033265,0.395456
9.400000,1.196882,-0.125619,-0.421306,-0.392919,-0.035793,0.392980
9.410000,2.099829,-1.059053,-13.251104,-0.380912,-0.026855,0.390508
9.420000,1.507466,0.046202,-0.455336,-0.392425,-0.043508,0.388474
9.430000,1.672714,0.138989,-0.471935,-0.391388,-0.047469,0.386377
9.440000,1.342686,-0.200384,-0.514987,-0.398623,-0.041689,0.384279
9.450000,1.252848,-0.332467,-0.546117,-0.402867,-0.038649,0.382230
9.460000,0.605869,0.124368,11.950332,-0.407622,-0.035242,0.380200
9.470000,1.157101,-0.531845,-0.606063,-0.411503,-0.032192,0.378201
9.480000,1.446953,-0.340492,-0.617542,-0.411073,-0.033555,0.376218
9.490000,1.712345,-0.172154,-0.629932,-0.410796,-0.034273,0.374230
9.500000,1.379160,-0.488294,-0.667417,-0.414237,-0.030032,0.372188
9.510000,1.259321,-0.690830,-0.703839,-0.419844,-0.023655,0.370090
9.520000,1.140683,-0.861314,-0.735061,-0.427911,-0.013799,0.367892
9.530000,1.168268,-0.905515,-0.758594,-0.436298,-0.003279,0.365597
9.540000,1.073249,-1.335282,-12.779179,-0.435320,0.021166,0.362905
9.550000,-4.120086,1.991936,-0.709056,-0.464720,0.002161,0.359210
9.560000,0.527304,-1.665836,-0.855924,-0.460376,0.028626,0.358000
9.570000,1.315947,-1.966911,-13.383590,-0.452981,0.047718,0.355092
9.580000,1.477091,-0.970520,-0.847606,-0.469825,0.043407,0.352429
9.590000,1.277174,-1.211477,-0.870298,-0.471288,0.047618,0.349492
9.600000,0.958540,-1.539459,-0.897566,-0.478381,0.058697,0.346425
9.610000,1.194840,-1.403969,-0.904161,-0.492686,0.077557,0.343198
9.620000,0.677177,-1.924766,-0.941882,-0.503961,0.093012,0.339827
9.630000,0.640653,-2.016626,-0.955460,-0.515122,0.108350,0.336329
9.640000,0.627155,-2.086174,-0.966882,-0.526142,0.123411,0.332709
9.650000,-4.524760,2.110269,-0.771822,-0.548793,0.122269,0.327489
9.660000,0.765484,-2.491872,-6.580518,-0.395236,0.009066,0.203082
9.670000,-4.062247,-2.975488,-0.618923,-0.403123,-0.007357,0.247503
9.680000,0.577966,-2.395375,-0.915381,-0.393853,-0.015414,0.317804
9.690000,1.113777,-3.011951,-6.856435,-0.388251,-0.010648,0.287651
9.700000,0.555276,-2.514324,-0.905397,-0.388087,-0.016097,0.310386
9.710000,-8.312757,-12.373969,1.230296,-0.392862,-0.012554,0.284820
9.720000,0.530543,-2.621530,-0.890383,-0.382017,-0.016655,0.302855
9.730000,0.520271,-2.646956,-0.877739,-0.378428,-0.018410,0.299049
9.740000,0.513060,-2.725724,-0.871922,-0.375407,-0.019979,0.295275
9.750000,2.429494,-1.079995,-0.787666,-0.403224,0.013780,0.291608
9.760000,2.853062,-0.729441,-0.764026,-0.420741,0.035284,0.287882
9.770000,0.492533,-2.831448,-0.837491,-0.365742,-0.026661,0.284050
9.780000,-8.705964,-14.370770,1.215150,-0.371512,-0.023792,0.252203
9.790000,0.316205,-3.174870,-0.830883,-0.359894,-0.032070,0.276819
9.800000,0.372070,-3.114451,-0.816389,-0.357238,-0.034914,0.273300
9.810000,3.474925,-0.318413,-0.679677,-0.402918,0.017478,0.269932
9.820000,0.479671,-2.961429,-0.787113,-0.352871,-0.040575,0.266513
9.830000,3.552090,-0.289820,-0.658204,-0.398760,0.011455,0.263309
9.840000,-0.813739,-4.812429,2.136348,-0.349191,-0.046385,0.257273
9.850000,3.532280,-0.340992,-0.642177,-0.388937,-0.001956,0.257074
9.860000,0.265239,-4.337489,-3.126545,-0.346357,-0.052119,0.254098
9.870000,3.616789,-0.294274,-0.629221,-0.385139,-0.009326,0.251282
9.880000,1.198856,-3.128224,-6.349638,-0.337872,-0.049486,0.204628
9.890000,1.800860,-3.503013,-6.015514,-0.340050,-0.054793,0.202538
9.900000,0.522081,-3.004404,-0.757515,-0.344968,-0.062157,0.243492
9.910000,-1.360172,-4.678174,-1.650100,-0.348176,-0.061994,0.223550
9.920000,0.544320,-3.049088,-0.772622,-0.346296,-0.065722,0.238857
9.930000,-4.958510,-11.702562,2.027332,-0.352596,-0.066558,0.236751
9.940000,-8.870633,-9.163212,1.458747,-0.356372,-0.063803,0.207658
9.950000,0.402920,-5.089640,-1.288407,-0.351816,-0.068578,0.234487
9.960000,-14.425701,-11.653666,11.501707,-0.358397,-0.064664,0.209117
9.970000,-4.726438,-5.092098,-1.715519,-0.361624,-0.066000,0.207229
9.980000,4.332384,1.151048,5.657711,-0.316002,0.576368,0.557241
9.990000,5.435203,-0.061385,-2.105729,-0.353412,0.594448,0.572259
10.000000,5.326385,-0.841395,-5.090575,-0.362075,0.651202,0.592441
10.010000,4.554254,-2.032780,-7.303712,-0.374165,0.730787,0.614868
10.020000,8.985050,-0.124084,-7.518113,-0.233534,0.622891,0.799194
10.030000,1.820281,-0.178925,-0.826937,-0.293245,0.580415,0.780437
10.040000,1.432689,-0.329819,-0.895303,-0.340498,0.631992,0.775379
10.050000,1.468828,-0.028951,-0.938051,-0.383884,0.679042,0.772460
10.060000,1.430995,0.219319,-0.990104,-0.427528,0.726425,0.769931
10.070000,1.158189,0.155085,-1.080071,-0.478415,0.781339,0.766656
10.080000,2.201569,-2.364578,0.736146,0.082728,-0.027613,0.587490
10.090000,-0.198098,-4.191423,-2.357542,0.050328,-0.029081,0.580523
10.100000,-1.877811,-4.345412,-2.622976,0.096245,-0.052870,0.565333
10.110000,-2.674676,-4.409439,-2.896107,0.120165,-0.111783,0.538377
10.120000,-2.746159,-3.849600,-2.376730,0.177484,-0.201846,0.541403
10.130000,-2.298342,-5.068738,-3.676815,0.240067,-0.240792,0.524884
10.140000,-2.269802,-5.110813,-3.755822,0.299514,-0.295516,0.510216
10.150000,-2.046473,-5.082166,-3.725057,0.354558,-0.347115,0.497132
10.160000,-1.658764,-4.536479,-2.924549,0.411787,-0.258620,0.504320
10.170000,8.176709,-1.753479,1.451745,0.485596,-0.193414,0.626037
10.180000,0.535817,-3.887685,-2.262911,0.450009,-0.248416,0.793313
10.190000,-0.453843,-4.857439,-3.873907,0.476922,-0.241542,0.793101
10.200000,-0.450626,-4.990319,-4.160460,0.513934,-0.234656,0.792661
10.210000,-0.440790,-5.043771,-4.327531,0.554570,-0.227746,0.792142
10.220000,-0.419611,-5.393520,-5.007842,0.608424,-0.220869,0.791625
10.230000,-0.371265,-4.779126,-4.140141,0.672808,-0.215730,0.798283
10.240000,-0.273783,-4.356062,-3.558062,0.728349,-0.201048,0.770126
10.250000,-0.125269,-4.195160,-3.266665,0.753554,-0.177062,0.703653
10.260000,7.491962,-3.316086,-0.560509,0.779894,-0.186914,0.773724
10.270000,-0.391314,-4.281615,-3.885673,0.835869,-0.182513,0.778465
10.280000,-0.363824,-4.030132,-3.704414,0.906759,-0.174664,0.776337
10.290000,-0.355220,-4.309341,-4.363762,0.960009,-0.166458,0.774284
10.300000,-0.337451,-4.463828,-4.845266,1.016385,-0.158999,0.772043
10.310000,-0.313188,-4.270692,-4.802696,1.082064,-0.151082,0.769994
10.320000,4.555552,3.553604,-1.136940,0.801593,0.446579,0.218693
10.330000,3.006263,1.503374,-1.510243,0.815292,0.442439,0.228470
10.340000,2.144681,0.629176,-1.686540,0.825219,0.438492,0.235961
10.350000,5.024379,8.900583,-2.600742,0.717212,0.181852,0.415970
10.360000,-0.131590,1.601144,-0.794448,0.601057,0.218338,0.519005
10.370000,-0.519808,-3.585414,-2.761975,0.558577,0.123818,0.395462
10.380000,-1.452364,-2.008314,-0.819333,0.585571,0.134003,0.381368
10.390000,-1.373127,-1.745981,-1.069384,0.610546,0.140327,0.365820
10.400000,-1.229994,-2.337967,-1.397092,0.629080,0.147364,0.348669
10.410000,-1.508489,-1.558258,-0.315081,0.647366,0.156939,0.328441
10.420000,-1.560393,-1.144184,0.240681,0.653834,0.154894,0.311805
10.430000,6.830805,-1.404622,1.243273,0.708874,0.209260,0.300897
10.440000,-1.749083,-0.881278,0.299695,0.720155,0.205991,0.285176
10.450000,-1.852711,-1.493160,-0.789473,0.716104,0.192861,0.272802
10.460000,-1.968389,-1.791433,-1.397859,0.722166,0.187211,0.253725
10.470000,-2.072762,-2.257225,-2.293258,0.740892,0.191107,0.226771
10.480000,-2.246606,-2.191805,-2.362407,0.759209,0.193405,0.198978
10.490000,-2.594757,-1.619128,-1.701833,0.793191,0.207672,0.162465
10.500000,-2.415053,-1.908965,-2.301841,0.823969,0.217625,0.126497
10.510000,-2.573733,-1.227593,-1.445069,0.857806,0.228208,0.087516
10.520000,-2.938568,-1.277738,-1.802178,0.893941,0.239901,0.048961
10.530000,-3.028122,-1.278391,-2.043140,0.934288,0.253565,0.008536
10.540000,-0.474314,3.760272,-2.729180,0.767989,0.142762,0.007107
10.550000,-3.428293,-0.319242,-0.646866,0.790983,0.083900,0.031886
10.560000,-3.611894,-0.202099,-0.649815,0.791028,0.004271,0.036196
10.570000,0.386173,1.521362,-1.746967,0.800598,0.056961,-0.019292
10.580000,-2.437950,-0.155980,-0.658776,0.812361,0.069027,0.005584
10.590000,-3.316180,-0.704053,-1.859426,0.823680,0.067009,0.001932
10.600000,-2.599783,0.131768,-0.570829,0.829983,0.063961,0.006351
10.610000,-2.698388,0.367893,-0.408799,0.838885,0.059776,0.003818
10.620000,-3.614867,-0.458742,-2.009031,0.852525,0.055248,-0.007523
10.630000,-0.720832,1.305148,6.126176,0.853347,0.042010,-0.013627
10.640000,-5.115939,-1.169594,14.957856,0.850948,0.037210,-0.006082
10.650000,3.893845,6.076406,1.029132,0.403957,-0.559527,0.062649
10.660000,0.200324,4.098227,0.231373,0.302691,-0.492617,0.043093
10.670000,-0.127945,3.024434,-0.002324,0.213147,-0.509937,0.030695
10.680000,-2.101646,2.426835,-0.379409,0.121681,-0.548953,0.019649
10.690000,-2.246325,2.381171,-0.501490,0.042742,-0.620463,0.012742
10.700000,-2.243018,3.013766,-0.550204,-0.039135,-0.700905,0.008543
10.710000,-2.329210,2.850567,-0.665843,-0.112389,-0.790730,0.004388
10.720000,-2.358348,2.645396,-0.787337,-0.172709,-0.888527,-0.000794
10.730000,-2.369741,2.575523,-0.917025,-0.228134,-0.992316,-0.005272
10.740000,-2.291287,2.775138,-1.028320,-0.297350,-1.094331,-0.005689
10.750000,4.143251,4.972715,-2.489761,-0.408200,-0.411337,0.246005
10.760000,0.888261,3.211379,0.165624,-0.357002,-0.361878,0.247719
10.770000,5.725531,2.717240,-5.452256,-0.162192,-0.039891,0.487621
10.780000,3.031795,-1.557838,-2.742957,-0.110741,-0.037208,0.515945
10.790000,2.914838,-2.156325,-3.488401,-0.071324,-0.034105,0.512052
10.800000,2.888040,-2.438151,-3.844897,-0.022540,-0.030638,0.511353
10.810000,2.796285,-2.549788,-4.151938,0.036013,-0.027121,0.554178
10.820000,2.696828,-2.611201,-4.373052,0.100441,-0.023351,0.612087
10.830000,2.934086,-2.183414,-3.784522,0.184906,-0.019455,0.657364
10.840000,-19.742865,13.891860,25.214670,0.189922,0.173470,0.272268
10.850000,-0.712218,1.161017,1.003733,0.171358,0.167492,0.267339
10.860000,0.546727,4.578937,-0.028836,-0.003964,-0.002725,0.253310
10.870000,-2.049464,2.821568,-0.089347,-0.094936,-0.074835,0.248929
10.880000,-0.368865,-0.465623,-0.194126,-0.035679,-0.026155,0.269508
10.890000,-0.416828,-0.585536,-0.200263,-0.034978,-0.023950,0.270099
10.900000,0.032751,0.184864,-0.203641,-0.033877,-0.021622,0.270606
10.910000,-0.501885,-0.793484,-0.206978,-0.032546,-0.019134,0.271044
10.920000,-0.585528,-0.963262,-0.207994,-0.030914,-0.016562,0.271420
10.930000,-0.605126,-1.015631,-0.207096,-0.028997,-0.013935,0.271741
10.940000,-0.435326,-0.734869,-0.203880,-0.026812,-0.011281,0.272014
10.950000,-0.233023,-0.397815,-0.198666,-0.024381,-0.008630,0.272250
10.960000,-3.421657,0.302410,3.356355,-0.021777,-0.005967,0.272448
10.970000,-8.208808,-0.300598,-0.170007,-0.018982,0.001743,0.257134
10.980000,6.676563,1.073368,-6.049498,-0.062077,-0.045506,0.272568
10.990000,0.465049,-0.959571,-1.160544,-0.028319,-0.013766,0.272788
11.000000,0.482481,-0.980669,-1.182914,0.003159,0.015814,0.273805
11.010000,0.343077,-0.827399,-0.946289,0.027610,0.038220,0.273274
11.020000,4.881499,-0.577311,-5.213464,-0.014975,-0.003968,0.273365
11.030000,-0.677006,-1.100360,-0.108531,0.000737,0.009510,0.273673
11.040000,3.040997,0.113766,-2.986403,-0.013569,-0.006314,0.273892
11.050000,-10.496540,-0.129903,9.918632,0.007510,0.012067,0.274629
11.060000,1.440318,-1.405605,-0.060397,0.010884,0.021890,0.306862
11.070000,1.301223,-1.365271,-0.041243,0.014147,0.020179,0.370184
11.080000,1.366891,-1.553621,-0.024439,0.016934,0.018251,0.444017
11.090000,0.317963,-0.885422,-0.001431,0.020097,0.016235,0.493521
11.100000,-0.642810,-0.284987,0.019604,0.022841,0.014242,0.489553
11.110000,-1.064215,-0.060968,0.039667,0.025425,0.012103,0.486072
11.120000,-1.571481,-0.608300,0.072952,0.027907,0.009701,0.481770
11.130000,-0.515761,-1.037587,-0.050025,0.036252,0.000854,0.476966
11.140000,-0.686148,-0.598538,0.008510,0.050854,-0.015096,0.481035
11.150000,-0.695072,-0.009459,0.095646,0.025598,0.010789,0.468882
11.160000,-14.463211,-0.699505,0.103254,0.034038,0.009730,0.378141
11.170000,-0.653897,-0.548771,0.118880,0.034950,0.008273,0.293309
11.180000,0.012724,-1.163489,-0.779874,0.026959,-0.001763,0.295227
11.190000,-0.422600,0.181477,0.322534,0.032584,0.001614,0.297210
11.200000,0.230475,0.431223,-0.095593,0.020613,-0.012043,0.299676
11.210000,0.149572,0.369034,-0.077236,0.022574,-0.011935,0.302170
11.220000,0.298683,0.403143,-0.204221,0.024639,-0.011535,0.304879
11.230000,0.664235,0.298201,-0.734126,0.029665,-0.008018,0.308318
11.240000,-0.376323,-0.146284,0.048593,0.039172,0.000363,0.308754
11.250000,-0.339412,-0.357737,-0.117198,0.041239,0.001728,0.311321
11.260000,0.098391,-0.353430,-0.479331,0.047885,0.007843,0.313953
11.270000,0.188529,-0.277477,-0.521586,0.054333,0.014099,0.316636
11.280000,-5.941096,9.635784,0.169939,0.024292,-0.014763,0.319458
11.290000,-8.889102,0.869775,8.315814,0.021735,-0.016873,0.322262
11.300000,0.150938,0.891961,0.157380,0.018800,-0.018723,0.325112
11.310000,0.097697,0.822479,0.148433,0.016274,-0.020358,0.327960
11.320000,0.601364,1.482786,0.134542,0.012975,-0.021883,0.330777
11.330000,0.694857,1.594842,0.121341,0.009746,-0.023212,0.333571
11.340000,0.169407,0.898165,0.111023,0.006507,-0.024259,0.336327
11.350000,-0.391908,0.160982,0.099362,0.003077,-0.025198,0.339032
11.360000,0.755421,1.621378,0.076082,-0.000286,-0.025685,0.341670
11.370000,1.058556,1.983884,0.057317,-0.003629,-0.026035,0.344224
11.380000,0.556959,1.321398,0.043231,-0.006966,-0.026141,0.346696
11.390000,1.672207,-1.104655,0.030620,-0.010479,-0.002626,0.329429
11.400000,1.710100,-1.166885,0.012570,-0.013499,0.000170,0.381346
11.410000,1.080157,-0.792030,-0.006088,-0.016500,0.003088,0.432793
11.420000,0.988590,-0.738059,-0.025048,-0.019286,0.005713,0.432403
11.430000,-0.323824,0.328617,-0.043794,-0.022111,0.008659,0.432002
11.440000,-0.318618,0.310200,-0.062128,-0.024715,0.011651,0.431546
11.450000,-0.315860,0.289297,-0.080114,-0.027110,0.014661,0.431038
11.460000,-0.315425,0.266116,-0.098442,-0.029428,0.017663,0.430465
11.470000,-0.496924,1.832224,-0.082880,-0.040313,0.029963,0.428275
11.480000,-0.475718,2.228023,-0.092345,-0.052886,0.044119,0.427716
11.490000,-5.322658,-11.388981,-0.454882,-0.033964,0.026157,0.405678
11.500000,0.109779,-0.203813,-0.158222,-0.034965,0.028885,0.427767
11.510000,-0.254083,0.091868,-0.171315,-0.035621,0.031372,0.426930
11.520000,-0.194050,0.037304,-0.181467,-0.036798,0.033696,0.420407
11.530000,-0.415457,-0.413270,-0.225166,-0.036251,0.035569,0.421848
11.540000,0.327336,-0.026688,-0.119880,-0.033469,0.035208,0.422303
11.550000,-0.225955,-0.735246,-0.262004,-0.021334,0.024902,0.420680
11.560000,-0.449469,-1.164337,-0.335729,-0.023446,0.029318,0.418924
11.570000,-0.514076,-1.231212,-0.348240,-0.020771,0.028772,0.417027
11.580000,-0.317601,-1.162970,-0.315474,-0.014019,0.024032,0.414992
11.590000,-0.390505,-1.087696,-0.309369,-0.006025,0.018050,0.412825
11.600000,-0.070678,-0.495290,-0.201445,0.007288,0.006650,0.410534
11.610000,-0.201282,-0.661889,-0.228219,0.008319,0.007581,0.408124
11.620000,-0.281655,-0.904982,-0.255039,0.008034,0.009994,0.405603
11.630000,-0.108211,-0.722709,-0.205563,0.013080,0.006771,0.402982
11.640000,-0.099878,-0.720813,-0.192882,0.014324,0.007301,0.400268
11.650000,-0.234058,-0.795574,-0.202932,0.012465,0.010796,0.397471
11.660000,-0.010746,-0.794582,-0.164489,0.009900,0.014760,0.394603
11.670000,-0.035954,-1.023212,-0.176867,0.003958,0.021893,0.391675
11.680000,-0.048403,-1.176617,-0.178541,-0.001633,0.028326,0.388703
11.690000,-0.026560,-1.172760,-0.158682,-0.005331,0.032476,0.385706
11.700000,-0.012996,-1.177249,-0.139986,-0.009864,0.037154,0.382694
11.710000,0.019404,-1.085216,-0.108718,-0.013136,0.040665,0.379684
11.720000,0.010484,-1.130640,-0.096077,-0.019423,0.046420,0.376684
11.730000,0.018968,-1.089011,-0.072151,-0.024614,0.050692,0.373718
11.740000,-0.412601,0.042083,0.014683,-0.026435,0.051189,0.370812
11.750000,-0.477854,-0.411705,-0.021606,0.019139,0.002442,0.368128
11.760000,-0.322964,-0.566315,-0.003254,0.021795,-0.001927,0.365389
11.770000,-0.267544,-0.611118,0.014585,0.024246,-0.006358,0.362742
11.780000,-0.639419,-0.185002,0.030233,0.026470,-0.010815,0.360200
11.790000,-0.627868,-0.171607,0.047040,0.028448,-0.015264,0.357772
11.800000,-0.614056,-0.156953,0.063249,0.030160,-0.019672,0.355468
11.810000,-0.598557,-0.140738,0.078716,0.031593,-0.024002,0.353301
11.820000,-0.581254,-0.123825,0.093256,0.032656,-0.028137,0.351277
11.830000,-4.323191,4.662734,0.095457,0.033197,0.028652,0.364482
11.840000,-0.629681,-0.022429,0.118691,0.033497,0.024929,0.366105
11.850000,-0.635124,0.003421,0.127009,0.033482,0.021011,0.367958
11.860000,-0.026476,0.557445,0.138048,0.033117,0.016938,0.370007
11.870000,0.261084,0.827256,0.145446,0.032479,0.012732,0.372249
11.880000,0.152378,0.754745,0.148802,0.031534,0.008423,0.374678
11.890000,-0.112233,0.550399,0.150136,0.030371,0.004115,0.377285
11.900000,-0.079391,0.595483,0.151314,0.028819,-0.000323,0.380062
11.910000,-0.058562,0.627723,0.150975,0.027015,-0.004749,0.382998
11.920000,-0.059586,0.639301,0.149278,0.025016,-0.009094,0.386080
11.930000,-0.615341,0.205610,0.142940,0.022666,-0.013480,0.389291
11.940000,-0.593567,0.223223,0.138291,0.020176,-0.017707,0.392625
11.950000,-0.462109,0.334771,0.132776,0.017500,-0.021804,0.396062
11.960000,-0.119020,0.610257,0.126501,0.014637,-0.025763,0.399588
11.970000,0.162395,0.453054,0.601689,-0.000097,-0.040467,0.392890
11.980000,0.175120,0.469971,0.620288,-0.007834,-0.048073,0.386069
11.990000,0.096429,0.098493,0.400240,-0.018911,-0.058708,0.379200
12.000000,0.025033,-0.049015,0.346501,-0.027494,-0.066717,0.372052
12.010000,-0.085384,-0.074674,0.410929,-0.036361,-0.074802,0.364718
12.020000,-0.121615,-0.089790,0.443640,-0.045949,-0.083386,0.357194
12.030000,-0.409879,0.313601,0.952623,-0.051910,-0.087193,0.347122
12.040000,0.099753,0.417825,0.770296,-0.056682,-0.092638,0.343414
12.050000,-0.889253,-1.203365,0.105079,-0.064661,-0.099254,0.335168
12.060000,-0.445569,-1.661873,-0.527363,-0.033704,-0.066913,0.324943
12.070000,-0.385238,-1.730992,-0.605359,-0.028777,-0.060572,0.316376
12.080000,-0.353181,-1.770616,-0.639046,-0.022883,-0.053183,0.307596
12.090000,-0.353552,-1.777260,-0.622755,-0.017956,-0.046649,0.298612
12.100000,-0.330038,-1.808919,-0.645235,-0.013896,-0.040905,0.289430
12.110000,-0.370123,-1.774352,-0.567664,-0.009426,-0.034728,0.280055
12.120000,-0.489702,-1.599068,-0.304171,-0.002100,-0.026059,0.270488
12.130000,-0.450058,-1.702619,-0.415495,0.003062,-0.019141,0.260749
12.140000,-0.877574,-1.261602,0.272077,0.016600,-0.004049,0.250818
12.150000,-0.996870,-1.141712,0.468232,0.025533,0.006569,0.240740
12.160000,-0.530449,-1.631222,-0.263435,0.028155,0.010980,0.230534
12.170000,-0.494596,-1.673736,-0.314296,0.032992,0.017457,0.220181
12.180000,-0.706353,-2.166385,-0.360583,0.036742,0.022804,0.209277
12.190000,-4.266348,6.133049,-0.091369,-0.022439,-0.021881,0.184733
12.200000,-0.606377,-1.563755,-0.088812,-0.022091,-0.031141,0.188576
12.210000,-0.617031,-1.571460,-0.087337,-0.021739,-0.029526,0.177804
12.220000,-0.608866,-1.580178,-0.085479,-0.021303,-0.027906,0.166930
12.230000,-0.601082,-1.587699,-0.083185,-0.020794,-0.026289,0.155974
12.240000,-0.593604,-1.594112,-0.080521,-0.020222,-0.024686,0.144943
12.250000,-0.587131,-1.598315,-0.077531,-0.019599,-0.023106,0.133847
12.260000,-0.579601,-1.603898,-0.074373,-0.018943,-0.021565,0.122694
12.270000,-0.569672,-1.598002,-0.070949,-0.018255,-0.020061,0.111489
12.280000,-1.147949,-1.028523,0.832089,-0.017532,-0.018591,0.100241
12.290000,-0.560496,-1.611869,-0.063678,-0.016779,-0.017155,0.088962
12.300000,-0.554848,-1.613054,-0.059911,-0.016025,-0.015779,0.077653
12.310000,-0.549418,-1.613555,-0.056212,-0.015286,-0.014474,0.066323
12.320000,-0.544931,-1.613441,-0.052390,-0.014526,-0.013212,0.054978
12.330000,-0.376844,-1.004967,-0.048559,-0.013818,0.020645,0.035933
12.340000,0.046009,-1.597432,-0.048590,-0.013053,0.020990,0.027710
12.350000,-2.769442,2.494973,7.966209,-0.012415,0.021220,0.019494
12.360000,0.044074,-1.601334,-0.042196,-0.011652,0.021390,0.011258
12.370000,-0.112217,-0.824706,-0.038322,-0.010991,0.021521,0.010833
12.380000,0.044088,-1.069767,-0.037345,-0.010487,0.021720,0.010406
12.390000,-0.326964,-1.601127,-1.719853,-0.009649,0.021515,0.009967
12.400000,0.034923,-1.070526,-0.032651,-0.009172,0.021560,0.009546
12.410000,0.030989,-1.071865,-0.030494,-0.008663,0.021490,0.009120
12.420000,0.026835,-1.072274,-0.028399,-0.008154,0.021338,0.008698
12.430000,-0.097011,-0.890697,-0.025409,-0.007565,0.021026,0.008280
12.440000,0.019352,-1.072421,-0.024424,-0.007097,0.020767,0.007872
12.450000,0.015882,-1.071714,-0.022547,-0.006534,0.020339,0.007468
12.460000,0.012282,-1.071659,-0.020753,-0.006165,0.020046,0.007074
12.470000,0.008073,-1.068575,-0.019019,-0.005606,0.019493,0.006688
12.480000,0.006025,-1.070429,-0.017402,-0.005281,0.019123,0.006315
12.490000,0.003336,-1.070030,-0.015849,-0.004898,0.018638,0.005952
12.500000,-0.151404,-0.839163,-0.013268,-0.004494,0.018079,0.005597
12.510000,-0.135445,-0.866074,-0.012022,-0.003963,0.017339,0.005262
12.520000,-0.004086,-1.067507,-0.011666,-0.003788,0.016924,0.004935
12.530000,-0.041428,-1.013140,-0.010181,-0.003425,0.016269,0.004618
12.540000,-0.009579,-1.063817,-0.009251,-0.003165,0.015683,0.004314
12.550000,-0.010316,-1.064241,-0.008175,-0.002807,0.014959,0.004020
12.560000,-0.011768,-1.064003,-0.007162,-0.002557,0.014314,0.003744
12.570000,-0.015494,-1.059388,-0.006194,-0.002310,0.013640,0.003475
12.580000,-0.015838,-1.060716,-0.005329,-0.002081,0.012957,0.003218
12.590000,-0.055319,-1.002129,-0.004273,-0.001868,0.012264,0.002972
12.600000,-0.056000,-1.002200,-0.003996,-0.001816,0.011564,0.002725
12.610000,-0.029652,-1.043026,-0.003480,-0.001626,0.010858,0.002501
12.620000,-0.026391,-1.048771,-0.002875,-0.001451,0.010146,0.002287
12.630000,-0.031728,-1.041387,-0.002271,-0.001289,0.009430,0.002083
12.640000,-0.044868,-1.022089,-0.001673,-0.001140,0.008710,0.001888
12.650000,-0.052353,-1.011267,-0.001159,-0.001002,0.007989,0.001701
12.660000,-0.023963,-1.054692,-0.000901,-0.000876,0.007265,0.001522
12.670000,-0.024607,-1.054080,-0.000518,-0.000759,0.006540,0.001350
12.680000,-0.025190,-1.053503,-0.000179,-0.000652,0.005814,0.001184
12.690000,-0.025699,-1.052982,0.000117,-0.000552,0.005088,0.001025
12.700000,-0.026128,-1.052538,0.000378,-0.000460,0.004362,0.000870
12.710000,-0.026568,-1.050960,-0.004051,-0.000345,0.003642,0.000734
12.720000,-0.026870,-1.050647,-0.003877,-0.000270,0.002913,0.000586
12.730000,-0.027102,-1.050401,-0.003742,-0.000199,0.002185,0.000442
12.740000,-0.027263,-1.050226,-0.003645,-0.000131,0.001456,0.000300
12.750000,-0.031529,-1.044699,-0.003566,-0.000065,0.000728,0.000154
12.760000,-0.031544,-1.044662,-0.003543,0.000001,-0.000000,-0.000000
12.770000,-0.051957,-0.084993,-0.021005,0.000270,-0.000281,-0.000001
12.780000,-0.142330,-0.171685,-0.040126,0.003119,-0.003247,-0.000012
12.790000,-0.218935,-0.245183,-0.056469,0.005575,-0.005804,-0.000021
12.800000,-0.211237,-0.237823,-0.054822,0.009476,-0.009866,-0.000035
12.810000,0.432113,0.392468,0.024427,-0.004234,0.004276,0.000015
12.820000,-0.018271,-0.053050,-0.013651,0.000234,-0.000245,-0.000001
12.830000,0.383280,0.237790,0.057409,0.002464,-0.002310,-0.000010
12.840000,-0.025878,-0.062048,-0.015702,-0.000060,0.000058,0.000000
12.850000,0.136638,0.111557,0.023087,-0.001389,0.001311,0.000005
12.860000,-0.029165,-0.064320,-0.016287,0.001450,-0.001448,-0.000005
12.870000,0.070155,0.035903,-0.005777,-0.000067,0.000064,0.000000
12.880000,0.346895,0.341942,0.063765,0.001311,-0.001210,-0.000004
12.890000,0.768709,0.798998,0.153722,-0.000006,0.000007,-0.000002
12.900000,-0.176958,-0.208916,-0.047818,0.003195,-0.003257,-0.000012
12.910000,-0.244662,-0.271906,-0.062172,0.004851,-0.005021,-0.000018
12.920000,0.428995,0.166967,0.078831,0.005024,-0.004612,-0.000017
12.930000,0.367522,0.157332,0.065837,0.004547,-0.004175,-0.000015
12.940000,-0.211993,-0.244989,-0.055469,0.004460,-0.004513,-0.000016
12.950000,-0.311437,-0.335003,-0.076722,0.006176,-0.006421,-0.000023
12.960000,-0.314463,-0.337693,-0.077232,0.007579,-0.007891,-0.000028
12.970000,-0.092515,-0.134140,-0.030166,-0.000743,0.000694,0.000002
12.980000,-0.146892,-0.181601,-0.041533,0.002757,-0.002770,-0.000010
12.990000,-0.195600,-0.226590,-0.051956,0.003738,-0.003823,-0.000014
13.000000,-0.219400,-0.248299,-0.057046,0.004380,-0.004513,-0.000016
13.010000,-0.258440,-0.285076,-0.065399,0.004364,-0.004517,-0.000016
13.020000,-0.278632,-0.304005,-0.069730,0.006396,-0.006635,-0.000024
13.030000,-0.288017,-0.312780,-0.071793,0.009223,-0.009576,-0.000034
13.040000,-0.307021,-0.330861,-0.075895,0.009567,-0.009942,-0.000036
13.050000,-0.322996,-0.346016,-0.079323,0.010095,-0.010498,-0.000038
13.060000,-0.327175,-0.352556,-0.079574,0.010924,-0.011360,-0.000041
13.070000,0.137455,0.102158,0.004201,-0.000475,0.000478,0.000001
13.080000,-0.233310,-0.259494,-0.054349,0.004044,-0.004211,-0.000015
13.090000,-0.264450,-0.289192,-0.063466,0.005933,-0.006181,-0.000022
